country,variety,processing_method,aroma,flavor,aftertaste,acidity,body,balance,sweetness,cupper_points,total_score,altitude_m,color,harvest_year
Ethiopia,,Washed / Wet,8.67,8.83,8.67,8.75,8.5,8.42,10.0,8.75,90.58,2075.0,Green,2014
Ethiopia,Other,Washed / Wet,8.75,8.67,8.5,8.58,8.42,8.42,10.0,8.58,89.92,2075.0,Green,2014
Guatemala,Bourbon,,8.42,8.5,8.42,8.42,8.33,8.42,10.0,9.25,89.75,1700.0,,
Ethiopia,,Natural / Dry,8.17,8.58,8.42,8.42,8.5,8.25,10.0,8.67,89.0,2000.0,Green,2014
Ethiopia,Other,Washed / Wet,8.25,8.5,8.25,8.5,8.42,8.33,10.0,8.58,88.83,2075.0,Green,2014
Brazil,,Natural / Dry,8.58,8.42,8.42,8.5,8.25,8.33,10.0,8.33,88.83,,Bluish-Green,2013
Peru,Other,Washed / Wet,8.42,8.5,8.33,8.5,8.25,8.25,10.0,8.5,88.75,,Bluish-Green,2012
Ethiopia,,,8.25,8.33,8.5,8.42,8.33,8.5,9.33,9.0,88.67,1635.0,,March 2010
Ethiopia,,,8.67,8.67,8.58,8.42,8.33,8.42,9.33,8.67,88.42,1635.0,,March 2010
Ethiopia,Other,Natural / Dry,8.08,8.58,8.5,8.5,7.67,8.42,10.0,8.5,88.25,1822.5,Green,2014
Ethiopia,,Natural / Dry,8.17,8.67,8.25,8.5,7.75,8.17,10.0,8.58,88.08,1905.0,,2014
United States,Other,Washed / Wet,8.25,8.42,8.17,8.33,8.08,8.17,10.0,8.5,87.92,1872.0,,2014
United States,Other,Washed / Wet,8.08,8.67,8.33,8.42,8.0,8.08,10.0,8.33,87.92,1943.0,,2014
United States (Hawaii),,,8.33,8.42,8.08,8.25,8.25,8.0,10.0,8.58,87.92,609.6,,Sept 2009 - April 2010
Ethiopia,,,8.25,8.33,8.5,8.25,8.58,8.75,9.33,8.5,87.83,1635.0,,March 2010
United States,Other,Washed / Wet,8.0,8.5,8.58,8.17,8.17,8.0,10.0,8.17,87.58,2080.0,,2014
Indonesia,,,8.33,8.25,7.83,7.75,8.5,8.42,10.0,8.33,87.42,1500.0,,May-August
Ethiopia,,,8.17,8.33,8.25,8.33,8.42,8.33,9.33,8.83,87.33,,,2009/2010
China,Catimor,Washed / Wet,8.42,8.25,8.08,8.17,7.92,8.0,10.0,8.42,87.25,1450.0,Green,2015
Ethiopia,Ethiopian Yirgacheffe,Natural / Dry,8.17,8.17,8.0,8.17,8.08,8.33,10.0,8.33,87.25,1850.0,,2014
United States,Other,Washed / Wet,8.0,8.25,8.08,8.5,8.25,8.0,10.0,8.17,87.25,2019.0,,2014
Costa Rica,Caturra,Washed / Wet,8.08,8.25,8.0,8.17,8.0,8.33,10.0,8.33,87.17,1300.0,Green,2014
Mexico,Other,Washed / Wet,8.17,8.25,8.17,8.0,7.83,8.17,10.0,8.58,87.17,1320.0,Green,2012
United States,Other,Washed / Wet,8.25,8.33,8.17,8.17,7.83,8.17,10.0,8.17,87.08,2112.0,,2014
Ethiopia,,Natural / Dry,8.42,8.17,7.92,8.17,8.33,8.0,10.0,8.08,87.08,,Bluish-Green,2013
Brazil,Bourbon,Natural / Dry,8.5,8.5,8.0,8.0,8.0,8.0,10.0,7.92,86.92,1250.0,Green,2011
Ethiopia,,,7.83,8.25,8.08,8.17,8.17,8.17,10.0,8.25,86.92,,,2009/2010
Uganda,SL14,Washed / Wet,8.42,8.17,8.17,8.17,7.83,7.92,10.0,8.17,86.83,1950.0,Green,2013
Honduras,Caturra,,8.17,8.08,8.08,8.0,8.08,8.0,10.0,8.25,86.67,1400.0,Green,2016
Taiwan,Sumatra,Pulped natural / honey,8.0,8.0,8.0,8.25,8.0,8.17,10.0,8.17,86.58,1200.0,Green,2015
Nicaragua,,,7.92,8.25,8.0,8.33,8.0,8.08,10.0,8.0,86.58,,,
"Tanzania, United Republic Of",,Natural / Dry,8.42,8.17,8.17,8.0,7.58,8.0,10.0,8.17,86.5,,Bluish-Green,2012
Brazil,Bourbon,Natural / Dry,8.5,8.17,8.0,7.75,8.0,8.0,10.0,8.0,86.42,1300.0,Green,2011
Costa Rica,Caturra,Washed / Wet,8.17,7.83,8.0,8.08,7.83,8.0,10.0,8.42,86.33,1300.0,Blue-Green,2015/2016
Ethiopia,,Natural / Dry,8.0,8.08,7.92,8.0,8.08,8.08,10.0,8.08,86.25,1775.0,Green,2014
Kenya,SL34,Washed / Wet,8.08,8.0,8.0,8.25,7.92,7.92,10.0,8.08,86.25,1800.0,Blue-Green,2013
United States (Hawaii),Hawaiian Kona,Natural / Dry,8.08,8.17,8.0,7.92,7.92,7.83,10.0,8.33,86.25,,,2012
United States (Hawaii),,,8.25,8.42,8.08,7.75,7.67,7.83,10.0,8.25,86.25,,,2010
Ethiopia,,,7.92,7.75,8.08,8.08,8.08,8.17,10.0,8.17,86.25,,,2009/2010
United States,Other,Washed / Wet,7.67,8.17,8.0,8.0,8.17,8.08,10.0,8.08,86.17,1941.0,,2014
Thailand,Caturra,Washed / Wet,7.83,8.33,7.83,8.25,7.58,7.92,10.0,8.42,86.17,1300.0,Green,2012
Brazil,Yellow Bourbon,,8.17,7.92,7.92,7.75,8.33,8.0,10.0,8.08,86.17,12.0,,2010
Brazil,Yellow Bourbon,,8.42,7.92,8.0,7.75,7.92,8.0,10.0,8.17,86.17,12.0,,2010
Taiwan,Bourbon,Semi-washed / Semi-pulped,8.08,8.17,7.75,8.08,7.75,7.83,10.0,8.42,86.08,1000.0,Green,2015
Kenya,SL28,Natural / Dry,8.08,8.08,8.0,8.0,7.83,8.08,10.0,8.0,86.08,1754.0,Bluish-Green,2014
Brazil,Bourbon,Semi-washed / Semi-pulped,8.33,8.0,8.0,8.0,7.75,8.0,10.0,8.0,86.08,1250.0,Blue-Green,2011
Uganda,,Semi-washed / Semi-pulped,8.08,8.08,7.83,7.92,8.08,7.92,10.0,8.08,86.0,,,2014
Colombia,Caturra,Washed / Wet,7.75,7.92,7.83,8.08,8.08,8.17,10.0,8.17,86.0,1200.0,Green,2013
Kenya,SL28,Washed / Wet,7.92,8.17,7.83,8.5,7.5,7.92,10.0,8.17,86.0,1860.0,Green,2013
Uganda,Other,Washed / Wet,8.25,8.0,7.83,8.08,8.0,7.92,10.0,7.92,86.0,1650.0,Blue-Green,2012
Ethiopia,,,7.75,8.08,8.0,8.25,8.0,8.0,10.0,7.92,86.0,1750.0,,2009/2010
United States (Hawaii),,,8.33,8.17,7.75,8.0,7.75,7.83,10.0,8.17,86.0,426.72,,Fall 2009
Guatemala,Bourbon,Washed / Wet,7.92,8.08,7.92,8.08,8.08,7.83,10.0,8.0,85.92,,Green,2016
Uganda,SL14,Natural / Dry,8.17,8.17,7.92,8.08,7.83,7.75,10.0,8.0,85.92,1650.0,Green,2013
Colombia,Caturra,Washed / Wet,8.0,8.0,8.0,8.17,7.83,8.0,10.0,7.92,85.92,1800.0,Blue-Green,2013
Panama,Gesha,Washed / Wet,8.0,8.0,7.92,8.08,7.83,8.0,10.0,8.0,85.83,1600.0,Bluish-Green,2017
Ethiopia,,Washed / Wet,7.83,8.08,7.92,8.08,8.0,7.92,10.0,8.0,85.83,1900.0,Green,2014
Guatemala,Bourbon,Washed / Wet,7.83,8.0,8.0,8.17,7.83,8.0,10.0,8.0,85.83,1524.0,Green,2012
Guatemala,Catuai,Washed / Wet,8.0,8.0,7.83,8.33,7.83,7.83,10.0,8.0,85.83,1417.32,Bluish-Green,2012
Ethiopia,Caturra,Natural / Dry,7.83,8.0,7.83,8.17,7.92,8.0,10.0,8.0,85.75,,,2017
Peru,,Washed / Wet,8.0,8.0,8.0,8.08,7.92,7.75,10.0,8.0,85.75,,Green,2013
Papua New Guinea,,Washed / Wet,8.33,8.42,7.83,8.33,8.0,8.25,10.0,7.92,85.75,1700.0,Bluish-Green,2012
El Salvador,Bourbon,Washed / Wet,7.92,8.17,8.0,7.92,7.75,7.83,10.0,8.0,85.58,1500.0,Blue-Green,2013
El Salvador,Bourbon,Semi-washed / Semi-pulped,7.83,8.0,8.0,7.75,7.92,8.17,10.0,7.92,85.58,1350.0,,2012
United States (Hawaii),Hawaiian Kona,Natural / Dry,7.83,8.0,7.92,7.75,8.08,8.0,10.0,8.0,85.58,,,2012
Panama,Caturra,Natural / Dry,8.0,7.75,7.83,7.83,7.67,8.58,10.0,7.83,85.5,1680.0,,2014
Kenya,SL28,Natural / Dry,7.92,7.92,7.83,8.08,7.83,7.92,10.0,8.0,85.5,1900.0,Green,2014
Ethiopia,Other,Natural / Dry,7.83,8.0,7.83,7.92,7.83,8.08,10.0,8.0,85.5,1900.0,Green,2015
Uganda,SL14,Washed / Wet,8.33,7.92,7.67,7.92,7.67,7.92,10.0,8.08,85.5,1600.0,Green,2013
Guatemala,Bourbon,Washed / Wet,8.0,7.83,7.67,8.33,7.83,8.0,10.0,7.83,85.5,1731.264,Green,2013
Ethiopia,,Washed / Wet,7.75,7.83,7.83,8.17,7.92,7.83,10.0,8.08,85.42,1900.0,Green,2015
Uganda,SL14,Washed / Wet,8.08,8.0,7.83,7.67,8.0,7.83,10.0,8.0,85.42,1950.0,Green,2013
United States (Hawaii),Hawaiian Kona,Natural / Dry,7.92,7.92,7.75,7.92,7.75,7.92,10.0,8.25,85.42,,,2012
Brazil,Bourbon,Semi-washed / Semi-pulped,8.0,8.0,8.0,7.67,7.75,8.0,10.0,8.0,85.42,1250.0,Blue-Green,2011
El Salvador,,,8.08,7.83,7.83,8.08,7.83,7.83,10.0,7.92,85.42,1400.0,,2009 / 2010
China,Catimor,Natural / Dry,8.0,8.0,8.0,7.83,7.83,7.75,10.0,7.92,85.33,1700.0,Green,2015
Guatemala,Pacamara,Natural / Dry,7.83,7.75,7.83,7.67,7.83,8.58,10.0,7.83,85.33,1770.0,Green,2014
Costa Rica,Caturra,Washed / Wet,7.92,8.08,8.0,7.92,8.0,8.08,9.33,8.0,85.33,1300.0,Bluish-Green,2014
Costa Rica,Caturra,Washed / Wet,8.0,7.58,7.58,7.67,8.08,8.5,10.0,7.92,85.33,1300.0,Bluish-Green,2014
Kenya,SL34,Washed / Wet,7.83,8.08,7.75,8.08,7.92,7.75,10.0,7.92,85.33,1600.0,Green,2012
Kenya,SL34,Washed / Wet,8.0,7.92,7.92,8.08,7.83,7.75,10.0,7.83,85.33,1200.0,Green,2012
Ethiopia,,,7.83,7.83,7.92,8.08,7.75,7.83,10.0,8.08,85.33,,,2009/2010
Ethiopia,Typica,,7.92,7.83,7.75,8.33,7.75,7.75,10.0,8.0,85.33,,,2009/2010
Guatemala,Bourbon,,8.0,7.92,7.75,8.0,7.92,7.83,10.0,7.83,85.25,,Green,2016
Colombia,Caturra,Washed / Wet,8.17,7.92,7.83,8.0,7.58,7.83,10.0,7.92,85.25,1550.0,Green,2015
Colombia,Caturra,Natural / Dry,7.58,8.08,7.92,7.83,8.0,7.92,10.0,7.92,85.25,1550.0,Green,2014
Indonesia,Sumatra Lintong,Semi-washed / Semi-pulped,7.75,7.83,7.67,8.0,8.08,7.83,10.0,8.0,85.17,1325.0,Green,2012
Guatemala,Caturra,Washed / Wet,8.25,8.0,7.67,7.92,7.75,7.67,10.0,7.92,85.17,1400.0,,2012
Ethiopia,Other,Natural / Dry,7.75,8.0,7.58,8.0,8.0,7.92,10.0,7.83,85.08,,Green,2016
Colombia,Caturra,Natural / Dry,8.17,7.83,7.58,8.08,8.0,7.75,10.0,7.67,85.08,2560.0,,2015
Ethiopia,,Natural / Dry,8.42,8.0,7.42,8.0,7.92,7.92,10.0,8.08,85.08,1700.0,Green,2014
United States (Hawaii),Hawaiian Kona,Natural / Dry,7.58,7.83,7.83,7.92,7.83,8.17,10.0,7.92,85.08,,Bluish-Green,2014
Colombia,Caturra,Natural / Dry,7.83,8.0,7.75,7.75,7.83,7.83,10.0,8.08,85.08,2136.0,Green,2012
United States (Hawaii),,,8.08,8.17,7.92,8.0,8.08,8.0,10.0,8.17,85.08,,,2010-2011
Ethiopia,,,7.67,8.0,7.83,8.0,7.92,7.83,10.0,7.83,85.08,,,2010
United States (Hawaii),,,7.5,7.92,8.25,7.83,7.92,7.75,10.0,7.92,85.08,,,
Uganda,SL14,Washed / Wet,8.17,7.92,7.75,7.75,7.67,7.75,10.0,8.0,85.0,1800.0,Green,2016
Colombia,Caturra,Washed / Wet,8.0,7.92,7.75,7.92,7.75,7.83,10.0,7.83,85.0,,Green,2016
Costa Rica,Catuai,Washed / Wet,7.83,8.0,7.58,7.92,7.92,7.83,10.0,7.92,85.0,1900.0,Green,2016
Mexico,Typica,Washed / Wet,7.83,8.0,7.83,7.75,7.67,7.83,10.0,8.08,85.0,1300.0,Green,2015
Kenya,,Washed / Wet,8.17,7.83,7.92,7.75,7.67,7.83,10.0,7.83,85.0,1.0,Green,2015
Kenya,SL34,Washed / Wet,7.75,7.83,7.75,8.08,8.0,7.75,10.0,7.83,85.0,1580.0,Green,2012
Brazil,Mundo Novo,Natural / Dry,8.0,8.0,7.83,7.83,7.67,7.67,10.0,8.0,85.0,1100.0,Green,2012
Mexico,Pacamara,,7.92,8.17,7.75,8.08,7.42,7.83,10.0,7.83,85.0,1400.0,,2010-2011
United States (Hawaii),,,7.75,7.92,7.75,7.75,8.0,8.0,10.0,7.83,85.0,,,
Guatemala,,,7.83,8.08,7.67,8.0,7.75,7.67,10.0,8.0,85.0,1325.88,,2009/2010
Colombia,Caturra,Washed / Wet,7.92,7.92,7.67,7.83,7.92,7.83,10.0,7.83,84.92,,,2016
Colombia,Caturra,Washed / Wet,7.92,7.83,7.75,7.83,7.75,8.0,10.0,7.83,84.92,1775.0,Green,2015
Taiwan,Typica,Semi-washed / Semi-pulped,7.67,7.83,8.0,7.58,8.0,7.92,10.0,7.92,84.92,800.0,Green,2015
"Tanzania, United Republic Of",Other,Washed / Wet,8.0,7.83,7.83,7.92,7.75,7.75,10.0,7.83,84.92,1620.0,Green,2014
Colombia,Caturra,Washed / Wet,7.75,7.92,7.83,7.75,7.75,8.0,10.0,7.92,84.92,1775.0,Green,2012
Mexico,Typica,Semi-washed / Semi-pulped,7.75,8.0,7.75,7.83,7.5,7.92,10.0,8.17,84.92,1200.0,,2012
Brazil,Bourbon,Natural / Dry,8.0,7.92,7.75,7.75,8.0,7.75,10.0,7.75,84.92,1200.0,Green,2011
Brazil,Catuai,Natural / Dry,8.0,8.0,7.75,8.0,7.5,7.75,10.0,7.92,84.92,1000.0,Green,2011
Kenya,,,8.0,7.67,7.83,8.17,7.92,7.75,10.0,7.58,84.92,,,2009-2010
Taiwan,Typica,Natural / Dry,7.92,7.58,7.83,7.83,7.83,7.83,10.0,8.0,84.83,350.0,Green,2016
Uganda,SL14,Natural / Dry,7.75,7.92,7.67,7.67,8.25,7.75,10.0,7.83,84.83,1650.0,Green,2013
United States (Hawaii),Hawaiian Kona,Natural / Dry,7.67,7.75,7.75,7.75,7.83,8.0,10.0,8.08,84.83,,,2012
Ethiopia,,,7.75,7.92,7.83,7.92,7.75,7.67,10.0,8.0,84.83,1750.0,,2009/2010
Ethiopia,,,7.42,7.92,7.92,8.0,7.83,7.83,10.0,7.92,84.83,1750.0,,2009/2010
Thailand,Caturra,Pulped natural / honey,7.75,7.75,7.75,7.75,8.0,7.75,10.0,8.0,84.75,,Green,2015
Kenya,SL34,Washed / Wet,7.92,7.83,7.58,7.92,7.75,7.83,10.0,7.92,84.75,1800.0,Green,2014
Honduras,Catuai,Washed / Wet,7.83,7.75,8.0,7.67,7.67,7.67,10.0,8.17,84.75,1450.0,Green,2014
El Salvador,,,7.75,8.0,8.0,8.33,7.67,7.92,9.33,7.75,84.75,1200.0,,2010-2011
Nicaragua,,,7.83,7.58,7.58,7.83,7.75,7.67,10.0,8.5,84.75,925.0,,2009 - 2010
El Salvador,Bourbon,Washed / Wet,7.83,7.83,7.5,8.0,7.83,7.67,10.0,8.0,84.67,1350.0,Blue-Green,2016
Indonesia,Java,Washed / Wet,7.92,7.83,7.75,7.75,7.75,7.75,10.0,7.92,84.67,1200.0,Green,2016
Japan,Mundo Novo,Pulped natural / honey,7.75,7.75,7.75,7.42,8.08,7.83,10.0,8.08,84.67,170.0,Green,
Costa Rica,Catuai,Washed / Wet,8.08,7.75,7.67,7.83,7.5,7.92,10.0,7.92,84.67,1150.0,Blue-Green,2015
Guatemala,Bourbon,Washed / Wet,7.75,7.83,7.58,8.0,7.92,7.75,10.0,7.83,84.67,1600.0,Green,2015
Costa Rica,Caturra,Washed / Wet,8.17,8.0,7.83,7.17,7.83,7.75,10.0,7.92,84.67,1750.0,Green,2014
Ethiopia,Ethiopian Yirgacheffe,Washed / Wet,8.08,7.83,7.75,7.83,7.58,7.67,10.0,7.92,84.67,1900.0,,2014
Costa Rica,Other,Other,7.67,7.58,7.75,7.75,7.67,8.58,10.0,7.67,84.67,1750.0,Green,2014
Costa Rica,Catuai,Washed / Wet,8.0,7.58,7.83,7.75,7.75,7.75,10.0,8.0,84.67,1200.0,Green,2014
Costa Rica,,Washed / Wet,8.08,7.83,7.75,7.83,7.92,8.0,9.33,7.92,84.67,,Green,2012
Taiwan,Typica,Washed / Wet,8.0,7.92,7.75,7.75,7.75,7.75,10.0,7.75,84.67,1000.0,Green,2013/2014
Colombia,Caturra,Washed / Wet,7.75,7.83,7.75,7.83,7.75,7.83,10.0,7.92,84.67,1550.0,Green,2013
Kenya,SL28,Washed / Wet,7.75,7.92,7.83,8.0,7.58,7.75,10.0,7.83,84.67,2000.0,Bluish-Green,2012
Guatemala,Bourbon,Washed / Wet,8.0,7.83,7.67,7.83,7.67,8.0,10.0,7.67,84.67,1310.64,Green,2012
Guatemala,Bourbon,Washed / Wet,7.67,7.83,7.67,8.0,7.67,7.83,10.0,8.0,84.67,1524.0,Green,2012
Mexico,Typica,Washed / Wet,7.83,7.58,7.67,7.92,7.92,7.83,10.0,7.92,84.67,1200.0,,2012
Uganda,Other,Washed / Wet,7.92,7.83,7.75,7.92,7.67,7.75,10.0,7.83,84.67,1775.0,Blue-Green,2012
Peru,,,7.67,7.83,7.75,7.75,7.92,7.83,10.0,7.92,84.67,,,
Ethiopia,,,7.42,7.75,7.75,8.0,8.0,7.92,10.0,7.83,84.67,1750.0,,2009/2010
Kenya,SL34,Washed / Wet,7.92,7.75,7.83,7.75,7.58,7.92,10.0,7.83,84.58,1754.0,Blue-Green,
Colombia,Other,Washed / Wet,7.83,7.67,7.58,7.92,7.67,7.83,10.0,8.08,84.58,1500.0,Blue-Green,2016
Colombia,Caturra,Washed / Wet,7.92,7.83,7.58,8.0,7.83,7.67,10.0,7.75,84.58,,Green,2016
Kenya,Peaberry,Washed / Wet,7.83,7.83,7.83,7.75,7.58,7.83,10.0,7.92,84.58,1800.0,Bluish-Green,2013
Guatemala,Pacas,Washed / Wet,7.75,7.83,7.67,7.92,7.75,7.83,10.0,7.83,84.58,1524.0,Green,2014
Guatemala,Bourbon,Washed / Wet,8.0,7.92,7.67,7.58,7.58,7.67,10.0,8.17,84.58,1219.2,Green,2014
Colombia,Caturra,Washed / Wet,7.67,7.67,7.58,7.75,7.58,8.5,10.0,7.83,84.58,1550.0,,2013
Colombia,Caturra,Washed / Wet,7.75,7.75,7.83,7.75,7.58,8.0,10.0,7.92,84.58,1750.0,,2013
Kenya,SL28,Washed / Wet,7.75,7.75,7.75,8.08,7.75,7.75,10.0,7.75,84.58,,Green,2013
Colombia,Caturra,Washed / Wet,7.67,7.83,7.83,8.0,7.58,7.92,10.0,7.75,84.58,1750.0,Green,2012
Costa Rica,Bourbon,Semi-washed / Semi-pulped,7.75,7.83,7.75,8.0,7.83,7.67,10.0,7.75,84.58,1575.0,Bluish-Green,2012
Colombia,Caturra,Washed / Wet,7.42,7.67,7.75,7.75,8.08,7.83,10.0,8.08,84.58,1800.0,Green,2012
Brazil,Bourbon,Semi-washed / Semi-pulped,8.0,8.0,7.75,7.75,7.58,7.75,10.0,7.75,84.58,1300.0,Green,2011
Brazil,Catuai,Semi-washed / Semi-pulped,8.5,8.0,7.5,7.75,7.5,7.83,10.0,7.5,84.58,1100.0,Blue-Green,2011
Costa Rica,Caturra,Washed / Wet,7.92,7.67,7.92,7.75,7.67,7.58,10.0,8.0,84.5,1200.0,Bluish-Green,2017 / 2018
Uganda,SL14,Washed / Wet,7.92,7.75,7.67,7.75,7.83,7.75,10.0,7.83,84.5,1750.0,Green,2016
China,Catimor,Washed / Wet,7.75,7.92,7.67,7.83,7.75,7.67,10.0,7.92,84.5,1680.0,Green,2015
Costa Rica,Caturra,Washed / Wet,7.92,7.83,7.83,7.83,7.58,7.58,10.0,7.92,84.5,1700.0,Green,2014
Colombia,Other,Washed / Wet,8.08,7.67,7.83,7.83,7.67,7.67,10.0,7.75,84.5,1800.0,Green,2015/2016
China,Other,Washed / Wet,7.67,8.0,7.75,7.83,7.75,7.58,10.0,7.92,84.5,1100.0,Green,2013
Guatemala,Bourbon,Washed / Wet,8.17,7.83,7.67,7.83,7.67,7.83,10.0,7.5,84.5,1310.64,Green,2013
Kenya,SL28,Washed / Wet,7.92,7.83,7.67,8.0,7.67,7.75,10.0,7.67,84.5,2000.0,Blue-Green,2012
Mexico,Typica,Washed / Wet,8.0,7.92,7.42,8.08,7.5,7.67,10.0,7.92,84.5,1350.0,Green,2012
Mexico,Typica,Washed / Wet,7.92,7.83,7.75,7.75,7.75,7.83,10.0,7.67,84.5,1500.0,,2012
Guatemala,Bourbon,Washed / Wet,7.67,8.0,7.67,8.0,7.5,7.83,10.0,7.83,84.5,,Green,2012
Brazil,,,7.81,7.81,7.88,7.75,7.38,8.25,10.0,8.13,84.5,,,mmm
Brazil,,,8.17,7.67,7.75,7.75,7.67,7.75,10.0,7.75,84.5,,,TEST
Costa Rica,Caturra,Washed / Wet,7.58,7.83,7.83,8.0,7.67,7.58,10.0,7.92,84.42,1300.0,Blue-Green,2016
Indonesia,Mandheling,Other,7.67,7.67,7.83,7.58,7.83,7.83,10.0,8.0,84.42,1400.0,Blue-Green,2017
Colombia,Caturra,Natural / Dry,7.92,7.83,7.75,7.67,7.92,7.67,10.0,7.67,84.42,,Green,2015/2016
Colombia,Caturra,Washed / Wet,7.92,7.75,7.67,7.92,7.67,7.75,10.0,7.75,84.42,1775.0,Green,2014
Taiwan,Typica,Washed / Wet,7.83,7.83,7.75,8.0,7.5,7.75,10.0,7.75,84.42,1200.0,Blue-Green,2012
United States (Hawaii),Hawaiian Kona,Natural / Dry,7.92,7.92,7.5,7.83,7.5,7.92,10.0,7.83,84.42,,Blue-Green,2012
Mexico,Pacamara,Washed / Wet,7.75,7.92,7.75,7.67,7.83,7.67,10.0,7.83,84.42,900.0,,2012
Ethiopia,,,7.5,7.75,7.83,7.92,7.92,7.75,10.0,7.75,84.42,,,2009/2010
Kenya,SL28,Washed / Wet,7.33,7.58,7.83,7.75,7.75,7.92,10.0,8.17,84.33,1800.0,Green,2017 / 2018
Honduras,Caturra,,7.92,8.0,7.75,7.67,7.67,7.75,10.0,7.58,84.33,1500.0,Green,2016
Colombia,Caturra,Washed / Wet,7.58,7.75,7.5,7.83,7.67,8.5,10.0,7.5,84.33,,Green,2016
Honduras,Catuai,Washed / Wet,7.58,7.92,7.58,7.75,7.92,7.75,10.0,7.83,84.33,1500.0,Green,2016
Colombia,,,7.67,7.67,7.75,7.83,7.75,7.83,10.0,7.83,84.33,,,2016
Colombia,Caturra,Natural / Dry,7.75,7.67,8.0,7.67,8.08,7.83,10.0,7.33,84.33,442.0,Green,2015
Colombia,Caturra,Washed / Wet,7.75,7.58,7.33,7.83,7.58,8.08,10.0,8.17,84.33,1800.0,Green,2013
Mexico,Typica,Washed / Wet,8.0,7.75,7.75,7.83,7.5,7.67,10.0,7.83,84.33,1700.0,Blue-Green,2012
Brazil,Yellow Bourbon,,8.17,8.0,7.5,7.75,7.5,7.67,10.0,7.75,84.33,1275.0,,2011
Brazil,,,8.0,8.0,7.5,7.5,7.67,7.75,10.0,7.92,84.33,1050.0,,2011
Ethiopia,,,7.75,7.75,7.92,7.75,7.5,7.92,10.0,7.75,84.33,1493.52,,
Guatemala,,,7.5,7.67,7.75,7.67,7.92,7.92,10.0,7.92,84.33,1386.84,,December 2009-March 2010
Taiwan,Typica,Washed / Wet,7.92,7.75,7.75,7.67,7.67,7.83,10.0,7.67,84.25,1000.0,Blue-Green,2016
Thailand,Catimor,Natural / Dry,7.83,7.75,7.75,7.42,7.83,7.67,10.0,8.0,84.25,1200.0,Green,2015
Colombia,Caturra,Natural / Dry,7.83,7.58,7.75,7.58,7.67,8.0,10.0,7.83,84.25,2560.0,Green,2016
Guatemala,Caturra,Washed / Wet,7.75,7.75,7.58,7.92,7.75,7.75,10.0,7.75,84.25,1500.0,Green,2016
Guatemala,Caturra,Washed / Wet,7.75,7.92,7.5,8.08,7.58,7.67,10.0,7.75,84.25,1099.4136,Green,2015
China,Catimor,Natural / Dry,7.83,7.83,7.58,7.75,7.75,7.75,10.0,7.75,84.25,1400.0,Green,2015
Colombia,Caturra,Washed / Wet,7.67,7.67,7.75,7.75,7.67,7.92,10.0,7.83,84.25,1775.0,Green,2015
Colombia,Caturra,Washed / Wet,7.83,7.67,7.75,7.58,7.92,7.75,10.0,7.75,84.25,1775.0,Green,2015
Colombia,Other,Washed / Wet,7.83,7.75,7.83,7.58,7.67,7.75,10.0,7.83,84.25,1800.0,Green,2015/2016
Colombia,Caturra,Natural / Dry,7.42,7.67,7.83,7.75,7.92,7.83,10.0,7.83,84.25,442.0,Green,2015
"Tanzania, United Republic Of",Other,Washed / Wet,7.83,7.67,7.75,7.83,7.67,7.67,10.0,7.83,84.25,1620.0,Green,2014
"Tanzania, United Republic Of",Other,Washed / Wet,7.83,7.75,7.75,7.75,7.67,7.75,10.0,7.75,84.25,1600.0,Green,2014
Guatemala,Bourbon,Other,7.83,7.83,7.5,7.92,7.58,7.75,10.0,7.83,84.25,1219.2,Green,2014
Colombia,Caturra,Washed / Wet,7.58,7.5,7.75,7.83,7.92,7.83,10.0,7.83,84.25,1700.0,Green,2013
United States (Hawaii),Hawaiian Kona,Natural / Dry,7.33,7.92,7.92,7.92,7.92,8.08,9.33,7.83,84.25,,Bluish-Green,2012
Mexico,Typica,Semi-washed / Semi-pulped,7.83,7.92,7.67,7.83,7.5,7.75,10.0,7.75,84.25,1450.0,Green,2012
Mexico,Bourbon,Washed / Wet,7.83,7.83,7.75,7.67,7.83,7.58,10.0,7.75,84.25,1170.0,Green,2012
Mexico,Bourbon,Washed / Wet,7.83,7.92,7.67,7.75,7.5,7.75,10.0,7.83,84.25,1400.0,Bluish-Green,2012
Uganda,Other,Natural / Dry,8.17,7.75,7.58,7.67,7.83,7.58,10.0,7.67,84.25,1700.0,Green,2012
Guatemala,Bourbon,Washed / Wet,7.75,7.83,7.58,7.83,7.67,7.75,10.0,7.75,84.17,1700.0,Green,2017
Colombia,Caturra,Washed / Wet,7.83,7.75,7.58,7.67,7.75,7.83,10.0,7.75,84.17,,Green,2016
Costa Rica,Caturra,Washed / Wet,7.92,7.75,7.67,7.67,7.5,7.67,10.0,8.0,84.17,1700.0,Bluish-Green,2016
Guatemala,Caturra,Washed / Wet,7.75,7.75,7.58,8.0,7.67,7.83,10.0,7.58,84.17,1116.7872,Green,2016
Guatemala,Caturra,Washed / Wet,7.75,7.92,7.58,7.92,7.67,7.67,10.0,7.67,84.17,1565.0,Green,2016
Guatemala,Bourbon,Washed / Wet,7.58,7.83,7.58,7.83,7.83,7.67,10.0,7.83,84.17,3280.0,Green,2016
Colombia,Caturra,Washed / Wet,8.0,7.5,7.5,7.67,8.0,7.83,10.0,7.67,84.17,1775.0,Bluish-Green,2015
Nicaragua,Caturra,Natural / Dry,7.67,7.83,7.83,7.5,7.67,7.83,10.0,7.83,84.17,1000.0,Bluish-Green,2015
Brazil,Catuai,Natural / Dry,7.67,7.75,7.75,7.67,7.83,7.75,10.0,7.75,84.17,1150.0,,2015
Costa Rica,Caturra,Washed / Wet,7.67,7.75,7.67,7.75,7.5,8.0,10.0,7.83,84.17,1850.0,Blue-Green,2014
Ethiopia,Gesha,Natural / Dry,7.5,7.92,7.58,7.83,7.75,7.83,10.0,7.75,84.17,1606.5,Green,2014
"Tanzania, United Republic Of",Other,Washed / Wet,7.92,7.75,7.75,7.75,7.75,7.58,10.0,7.67,84.17,1400.0,Green,2014
Colombia,Other,Washed / Wet,7.67,7.5,7.67,7.42,7.83,8.58,10.0,7.5,84.17,1530.0,Green,2014/2015
Guatemala,,Washed / Wet,7.67,7.75,7.67,7.75,7.75,7.75,10.0,7.83,84.17,,Bluish-Green,2013
Kenya,SL28,Washed / Wet,7.58,7.75,7.75,7.75,7.75,7.83,10.0,7.75,84.17,250.5,Green,2013
Brazil,Mundo Novo,Natural / Dry,7.58,7.83,7.75,7.67,7.67,8.0,10.0,7.67,84.17,1038.5,Green,2012
Guatemala,Bourbon,Washed / Wet,7.92,7.75,7.67,7.67,7.83,7.92,10.0,7.42,84.17,1310.64,Green,2013
El Salvador,Bourbon,Natural / Dry,8.42,8.08,7.5,7.17,7.58,8.17,10.0,7.92,84.17,1500.0,Bluish-Green,2013
Colombia,Caturra,Washed / Wet,7.75,7.75,7.75,7.75,7.83,7.75,10.0,7.58,84.17,1750.0,Green,2012
Guatemala,Catuai,Natural / Dry,7.83,7.5,7.5,8.0,7.83,7.83,10.0,7.67,84.17,,Bluish-Green,2012
Uganda,Other,Washed / Wet,7.83,7.75,7.5,7.83,7.83,7.75,10.0,7.67,84.17,1600.0,Green,2012
Indonesia,Mandheling,Natural / Dry,7.81,7.88,7.56,7.75,7.63,7.75,10.0,7.75,84.13,,Bluish-Green,2017
Colombia,Caturra,Washed / Wet,7.83,7.5,7.42,7.5,7.83,8.5,10.0,7.5,84.08,442.0,Green,2017 / 2018
Taiwan,Typica,Washed / Wet,7.58,7.67,7.67,7.67,7.75,7.83,10.0,7.92,84.08,968.0,Bluish-Green,2016
Guatemala,Bourbon,Washed / Wet,8.0,7.75,7.5,7.58,7.92,7.67,10.0,7.67,84.08,,Green,2016
Colombia,Caturra,Washed / Wet,7.92,7.75,7.67,7.75,7.67,7.67,10.0,7.67,84.08,1775.0,,2014
Guatemala,Bourbon,Washed / Wet,7.58,7.75,7.67,8.0,7.75,7.67,10.0,7.67,84.08,1550.0,Bluish-Green,2014
United States (Hawaii),Hawaiian Kona,Natural / Dry,7.83,7.75,7.83,7.83,7.42,8.08,10.0,8.0,84.08,,Green,2012
Mexico,Typica,Washed / Wet,7.67,7.75,7.67,7.75,7.67,7.75,10.0,7.83,84.08,1480.0,Green,2012
Ethiopia,Other,Natural / Dry,7.92,7.92,7.83,8.0,7.92,7.92,8.67,7.92,84.08,1800.0,,2012
Costa Rica,,Washed / Wet,7.58,7.75,7.67,7.75,7.83,7.75,10.0,7.67,84.0,,,2017
Ethiopia,Gesha,Natural / Dry,7.83,7.75,7.67,7.75,7.33,7.75,10.0,7.92,84.0,1800.0,Green,2017
Honduras,Caturra,Washed / Wet,7.42,7.83,7.75,7.92,7.75,7.58,10.0,7.75,84.0,1500.0,Green,2017
Guatemala,Caturra,Washed / Wet,7.67,7.83,7.58,7.92,7.75,7.67,10.0,7.58,84.0,1706.88,Green,2015
Colombia,Other,Washed / Wet,7.67,7.67,7.83,7.58,7.58,7.83,10.0,7.83,84.0,1600.0,Green,2014/2015
Guatemala,Bourbon,Natural / Dry,7.92,7.67,7.42,7.92,7.75,7.83,10.0,7.5,84.0,1219.2,Green,2014
Guatemala,Bourbon,Other,7.75,7.83,7.5,7.83,7.58,7.67,10.0,7.83,84.0,1219.2,Green,2014
Colombia,,Washed / Wet,7.67,7.75,7.67,7.67,7.67,7.75,10.0,7.83,84.0,1480.0,Green,2014
Colombia,Caturra,Natural / Dry,7.58,7.42,7.75,7.92,7.75,7.92,10.0,7.67,84.0,1450.0,Green,2014
Colombia,Caturra,Washed / Wet,7.67,7.67,7.5,7.5,7.67,7.67,10.0,8.33,84.0,1775.0,Green,2014
Ethiopia,Other,Natural / Dry,7.75,7.75,7.5,7.58,7.67,7.92,10.0,7.83,84.0,1550.0,Green,2013
Brazil,Yellow Bourbon,Natural / Dry,7.58,7.83,7.67,7.25,8.0,7.75,10.0,7.92,84.0,1260.0,Green,2013/2014
Colombia,Caturra,Washed / Wet,7.67,7.83,7.67,7.75,7.67,7.75,10.0,7.67,84.0,1700.0,Green,2013
Kenya,SL34,Washed / Wet,7.67,7.83,7.5,7.75,7.92,7.67,10.0,7.67,84.0,1200.0,Green,2012
Thailand,Other,Washed / Wet,7.92,8.17,8.17,8.42,8.08,8.17,9.33,8.42,84.0,,Green,2012
Kenya,SL28,Washed / Wet,7.67,7.75,7.67,7.75,7.83,7.67,10.0,7.67,84.0,1650.0,Bluish-Green,2012
Uganda,Other,Washed / Wet,7.92,7.75,7.58,7.67,7.67,7.83,10.0,7.58,84.0,1700.0,Green,2012
Thailand,,,7.58,7.75,7.58,7.75,7.58,7.75,10.0,8.0,84.0,,,2011
Brazil,Bourbon,Natural / Dry,7.5,7.75,7.58,7.5,7.58,7.5,10.0,8.5,83.92,890.0,Green,2017 / 2018
Mexico,Mundo Novo,Washed / Wet,7.83,7.83,7.58,7.92,7.42,7.5,10.0,7.83,83.92,1300.0,Green,2017
Thailand,Catimor,Natural / Dry,7.67,7.75,7.5,7.67,7.67,7.83,10.0,7.83,83.92,1350.0,Bluish-Green,2015
Brazil,Bourbon,Natural / Dry,7.58,7.67,7.67,7.75,7.58,7.83,10.0,7.83,83.92,934.0,Green,2016
Taiwan,Typica,Washed / Wet,7.83,7.75,7.83,7.75,7.83,7.75,10.0,7.83,83.92,1200.0,Green,2015
Colombia,,,7.75,7.67,7.5,7.75,7.83,7.75,10.0,7.67,83.92,442.0,Green,2016
Colombia,,,7.75,7.58,7.5,7.83,7.75,7.92,10.0,7.58,83.92,,,2016
Taiwan,,Natural / Dry,7.75,7.75,7.58,7.75,7.75,7.67,10.0,7.67,83.92,,Blue-Green,2014
Colombia,,Washed / Wet,7.92,7.67,7.5,7.83,7.58,7.67,10.0,7.75,83.92,,,2015
Colombia,,Washed / Wet,7.83,7.75,7.58,7.58,7.75,7.75,10.0,7.67,83.92,,,2014
Colombia,Caturra,Washed / Wet,7.75,7.58,7.67,7.83,7.83,7.67,10.0,7.58,83.92,1775.0,Green,2014
Taiwan,Typica,Washed / Wet,8.0,7.92,7.92,7.92,7.67,7.33,10.0,7.17,83.92,950.0,Green,2014
Colombia,Caturra,Natural / Dry,7.67,7.83,7.67,7.75,7.67,7.83,10.0,7.5,83.92,1550.0,Green,2014
Mexico,Typica,Washed / Wet,7.67,7.75,7.58,7.67,7.75,7.83,10.0,7.67,83.92,900.0,Blue-Green,2012
Mexico,Typica,Washed / Wet,7.5,7.67,7.58,7.83,7.75,7.75,10.0,7.83,83.92,1500.0,,2012
Mexico,Typica,Washed / Wet,7.75,7.92,7.83,7.92,7.75,7.67,10.0,7.75,83.92,1400.0,Green,2012
Colombia,Caturra,Washed / Wet,7.92,7.58,7.5,7.83,7.58,7.67,10.0,7.75,83.83,2527.0,Green,2017
Colombia,Caturra,,7.83,7.67,7.5,7.75,7.75,7.75,10.0,7.58,83.83,,Green,2016
Costa Rica,Caturra,Washed / Wet,7.67,7.67,7.75,7.67,7.5,7.75,10.0,7.83,83.83,1850.0,Blue-Green,2015
Guatemala,Bourbon,Washed / Wet,7.75,7.75,7.5,7.75,7.83,7.58,10.0,7.67,83.83,1500.0,Green,2016
Taiwan,,,7.75,7.67,7.5,7.75,7.75,7.67,10.0,7.75,83.83,1200.0,,2016
Brazil,Yellow Bourbon,Natural / Dry,7.25,7.58,7.42,8.0,7.75,7.83,10.0,8.0,83.83,1.0,Green,2015/2016
Taiwan,Typica,Washed / Wet,7.67,7.75,7.67,7.75,7.42,7.75,10.0,7.83,83.83,525.0,Green,2014
Ethiopia,,Natural / Dry,7.75,7.75,7.67,7.67,7.58,7.67,10.0,7.75,83.83,1676.5,Green,2014
Brazil,Bourbon,Semi-washed / Semi-pulped,7.67,7.67,7.58,7.5,7.83,8.17,9.33,8.08,83.83,1200.0,Green,2014/2015
Costa Rica,Catuai,Washed / Wet,7.83,7.42,7.5,7.83,7.75,7.83,10.0,7.67,83.83,1300.0,Green,2013
Guatemala,Bourbon,Washed / Wet,7.58,7.83,7.33,8.0,7.58,7.75,10.0,7.75,83.83,1219.2,Green,2014
Brazil,Yellow Bourbon,Natural / Dry,7.92,7.5,7.33,7.67,8.17,7.5,10.0,7.75,83.83,1260.0,Green,2013/2014
Ecuador,,Natural / Dry,7.5,7.67,7.58,7.75,7.83,7.83,10.0,7.67,83.83,800.0,Bluish-Green,2013
Colombia,Caturra,Washed / Wet,7.67,7.58,7.58,7.83,7.58,7.67,10.0,7.92,83.83,1750.0,Green,2013
Guatemala,Bourbon,Washed / Wet,7.5,7.83,7.5,7.83,7.83,7.67,10.0,7.67,83.83,1310.64,Green,2013
Mexico,Bourbon,Natural / Dry,7.67,8.0,7.67,7.42,7.67,7.5,10.0,7.92,83.83,1218.0,Green,2012
Mexico,Pacas,Natural / Dry,7.67,7.58,7.5,7.75,7.75,7.75,10.0,7.83,83.83,1300.0,,2012
Brazil,Yellow Bourbon,Semi-washed / Semi-pulped,7.83,7.83,7.58,7.67,7.5,7.58,10.0,7.83,83.83,1250.0,Green,2011/2012
Thailand,,,7.75,7.75,7.58,8.0,7.67,7.58,10.0,7.5,83.83,1499.9208,,2011
Thailand,,,7.5,7.83,7.58,7.58,7.75,7.83,10.0,7.75,83.83,,,2011
Ethiopia,,,7.58,7.83,7.58,8.0,7.83,7.5,10.0,7.5,83.83,,,2010
Kenya,SL28,Washed / Wet,7.75,7.58,7.5,7.58,7.75,7.75,10.0,7.83,83.75,1800.0,Green,
Brazil,Bourbon,Natural / Dry,7.67,7.67,7.58,7.75,7.67,7.67,10.0,7.75,83.75,890.0,Green,2017 / 2018
Colombia,Caturra,Washed / Wet,7.83,7.83,7.58,7.58,7.58,7.58,10.0,7.75,83.75,442.0,Green,2017
Taiwan,Typica,Natural / Dry,7.67,7.67,7.58,7.58,7.67,7.83,10.0,7.75,83.75,750.0,Green,2016
Colombia,,Washed / Wet,7.92,7.75,7.5,7.67,7.75,7.5,10.0,7.67,83.75,,Green,2016
China,Catimor,Washed / Wet,7.83,7.75,7.67,7.5,7.58,7.67,10.0,7.75,83.75,1650.0,Green,2015
Colombia,Caturra,Natural / Dry,7.75,7.67,7.5,7.67,7.58,7.83,10.0,7.75,83.75,442.0,Green,2015/2016
Uganda,Bourbon,Natural / Dry,8.0,7.92,7.58,7.75,7.33,7.5,10.0,7.67,83.75,1400.0,Green,2013
United States (Puerto Rico),Other,Washed / Wet,7.83,7.83,7.83,7.67,8.0,8.17,10.0,7.75,83.75,853.44,Green,2013
Colombia,Caturra,Washed / Wet,7.67,7.67,7.67,7.92,7.5,7.67,10.0,7.67,83.75,1775.0,Green,2014
Colombia,Other,Washed / Wet,7.67,7.42,7.42,7.42,8.0,8.33,10.0,7.5,83.75,1550.0,Green,2014
Colombia,Caturra,Washed / Wet,7.58,7.67,7.75,7.67,7.67,7.67,10.0,7.75,83.75,1750.0,Blue-Green,2013
Colombia,Caturra,Washed / Wet,7.75,7.67,7.75,7.58,7.42,8.0,10.0,7.58,83.75,1750.0,Green,2013
United States (Hawaii),Hawaiian Kona,Natural / Dry,7.25,7.42,7.67,7.58,7.83,8.25,10.0,7.75,83.75,,Bluish-Green,2013
Mexico,Caturra,Natural / Dry,7.83,7.58,7.58,7.5,7.75,7.67,10.0,7.83,83.75,700.0,,2012
Guatemala,Caturra,Washed / Wet,7.67,7.58,7.58,7.67,7.75,7.75,10.0,7.75,83.75,1300.0,Bluish-Green,2012
Colombia,,,7.83,7.83,7.58,7.33,7.42,7.67,10.0,8.08,83.75,1600.0,,January 2011
Colombia,,,7.75,7.67,7.25,7.25,7.58,8.5,10.0,7.75,83.75,1600.0,,4T/10
United States (Hawaii),,,7.83,7.67,7.75,7.67,7.58,7.5,10.0,7.75,83.75,,,
Brazil,Bourbon,Natural / Dry,7.67,7.83,7.5,7.67,7.67,7.5,10.0,7.83,83.67,890.0,Green,2017 / 2018
Kenya,SL28,Washed / Wet,8.08,7.67,7.67,7.58,7.25,7.67,10.0,7.75,83.67,1700.0,Bluish-Green,2017
Honduras,Caturra,Washed / Wet,7.5,7.5,7.67,7.67,8.0,8.0,10.0,7.33,83.67,1400.0,Green,2016
Nicaragua,Caturra,Washed / Wet,7.67,7.75,7.67,7.67,7.83,7.58,10.0,7.5,83.67,1250.0,Green,2016
Brazil,Bourbon,Natural / Dry,7.58,7.75,7.58,7.75,7.58,7.58,10.0,7.83,83.67,934.0,Green,2016
Taiwan,Caturra,Natural / Dry,7.5,7.67,7.33,7.92,7.83,7.67,10.0,7.75,83.67,1200.0,Bluish-Green,2015
Costa Rica,,,7.33,7.67,7.67,7.5,7.67,7.5,10.0,8.33,83.67,1350.0,Blue-Green,
Thailand,,Washed / Wet,7.5,7.75,7.58,7.83,7.67,7.58,10.0,7.75,83.67,800.0,Bluish-Green,2014
Colombia,Caturra,Washed / Wet,7.5,7.75,7.5,7.75,7.67,7.67,10.0,7.83,83.67,1625.0,,2014/2015
Guatemala,Bourbon,Washed / Wet,8.0,7.5,7.33,8.0,8.0,8.0,10.0,7.5,83.67,1356.6648,Green,2014
Colombia,Caturra,Washed / Wet,7.83,7.75,7.67,7.58,7.58,7.67,10.0,7.58,83.67,1750.0,Green,2013
Colombia,Caturra,Washed / Wet,7.67,7.67,7.67,7.67,7.33,7.75,10.0,7.92,83.67,1900.0,Green,2013
Guatemala,Bourbon,Washed / Wet,7.67,7.67,7.42,7.67,8.0,7.75,10.0,7.5,83.67,1310.64,Green,2013
Guatemala,Bourbon,Washed / Wet,7.83,7.67,7.33,7.67,7.67,7.83,10.0,7.67,83.67,1310.64,Green,2013
Colombia,Caturra,Washed / Wet,7.75,7.75,7.58,7.83,7.17,7.75,10.0,7.83,83.67,1750.0,Green,2012
Guatemala,Caturra,Natural / Dry,8.17,8.17,7.83,7.67,8.08,7.75,9.33,8.0,83.67,1450.0,Green,2012
Guatemala,Bourbon,Washed / Wet,7.67,8.17,7.5,7.42,7.58,7.83,10.0,7.5,83.67,1310.64,Green,2012
Mexico,Typica,Washed / Wet,7.67,7.5,7.5,7.33,7.83,8.25,10.0,7.58,83.67,1100.0,Green,2012
Indonesia,Typica,Washed / Wet,8.17,7.67,7.58,7.58,7.42,7.67,10.0,7.58,83.67,1400.0,Green,2012
Guatemala,Caturra,Washed / Wet,7.67,7.5,7.33,8.0,7.67,7.67,10.0,7.83,83.67,1524.0,Green,2012
United States (Hawaii),,,7.75,8.0,7.92,8.08,7.75,8.0,9.33,8.17,83.67,,,
Brazil,Bourbon,Natural / Dry,7.58,7.67,7.58,7.58,7.67,7.58,10.0,7.92,83.58,890.0,Green,2017 / 2018
Guatemala,Caturra,Washed / Wet,7.75,7.75,7.5,7.83,7.58,7.58,10.0,7.58,83.58,1128.3696,Green,2016
Colombia,Caturra,Washed / Wet,7.75,7.75,7.58,7.58,7.67,7.58,10.0,7.67,83.58,,Green,2016
China,Catimor,Washed / Wet,7.67,7.58,7.58,7.58,7.67,7.75,10.0,7.75,83.58,1100.0,Green,2015
Colombia,Caturra,Washed / Wet,7.67,7.75,7.58,7.67,7.75,7.58,10.0,7.58,83.58,1775.0,Green,2015
Mexico,Caturra,Washed / Wet,7.75,7.75,7.58,7.58,7.5,7.67,10.0,7.75,83.58,1200.0,Green,2014
Ethiopia,Other,Washed / Wet,7.75,7.67,7.58,7.67,7.5,7.67,10.0,7.75,83.58,1850.0,,2014
Uganda,SL14,Washed / Wet,7.67,7.67,7.42,7.75,7.75,7.67,10.0,7.67,83.58,1800.0,Green,2013
Colombia,Caturra,Natural / Dry,7.67,7.58,7.67,7.67,7.67,7.67,10.0,7.67,83.58,1600.0,Green,2014
Colombia,Caturra,Washed / Wet,7.67,7.58,7.67,7.58,7.67,7.75,10.0,7.67,83.58,1550.0,Green,2014
Colombia,Caturra,Washed / Wet,7.75,7.58,7.5,7.58,7.75,7.83,10.0,7.58,83.58,1550.0,,2014
Taiwan,Typica,Other,7.75,7.75,7.75,7.75,7.5,7.58,10.0,7.5,83.58,1000.0,Green,2013/2014
Colombia,Caturra,Washed / Wet,7.67,7.67,7.58,7.67,7.75,7.58,10.0,7.67,83.58,1775.0,Green,2012
Mexico,Typica,Washed / Wet,7.83,7.67,7.58,7.58,7.67,7.58,10.0,7.67,83.58,1000.0,,2012
Colombia,Caturra,Natural / Dry,7.67,7.58,7.58,7.58,7.67,7.75,10.0,7.75,83.58,2136.0,Green,2012
Brazil,Catuai,Semi-washed / Semi-pulped,7.83,7.75,7.5,7.75,7.5,7.58,10.0,7.67,83.58,1100.0,Blue-Green,2012
Colombia,Caturra,Washed / Wet,7.75,7.58,7.58,7.75,7.75,7.5,10.0,7.58,83.5,1799.0,Bluish-Green,2016
Taiwan,,,7.58,7.58,7.17,7.17,7.0,7.0,10.0,10.0,83.5,,Blue-Green,2016 / 2017
Costa Rica,Caturra,Washed / Wet,7.92,7.42,7.5,7.67,7.5,7.67,10.0,7.83,83.5,1850.0,Blue-Green,2015
Colombia,Caturra,Natural / Dry,7.75,7.58,7.58,7.5,7.75,7.75,10.0,7.58,83.5,1000.0,Green,2016
Guatemala,Bourbon,Washed / Wet,7.67,7.75,7.5,7.83,7.58,7.58,10.0,7.58,83.5,1219.2,Bluish-Green,2016
Colombia,Caturra,Washed / Wet,7.58,7.58,7.58,7.58,7.75,7.67,10.0,7.75,83.5,1775.0,Green,2015
"Tanzania, United Republic Of",Ruiru 11,Washed / Wet,7.75,7.67,7.58,7.67,7.67,7.58,10.0,7.58,83.5,1400.0,Green,2015
Indonesia,Sumatra,Semi-washed / Semi-pulped,7.25,7.67,7.58,7.92,7.83,7.58,10.0,7.67,83.5,1500.0,Bluish-Green,2015
Ethiopia,,Natural / Dry,7.67,7.75,7.5,7.58,7.75,7.67,10.0,7.58,83.5,1600.0,,2014
Colombia,,Washed / Wet,7.67,7.42,7.67,7.83,7.58,7.67,10.0,7.67,83.5,,,2014
Colombia,Caturra,Washed / Wet,8.0,7.58,7.25,7.58,7.92,7.58,10.0,7.58,83.5,1850.0,Green,2014
Guatemala,Caturra,Washed / Wet,7.58,7.75,7.5,7.83,7.42,7.67,10.0,7.75,83.5,1400.0,Green,2013
Colombia,Caturra,Washed / Wet,7.75,7.58,7.33,7.5,7.83,7.83,10.0,7.67,83.5,1650.0,,2014
Honduras,Caturra,Natural / Dry,7.67,7.5,7.67,7.5,7.67,7.67,10.0,7.83,83.5,1350.0,Green,2014/2015
Colombia,Caturra,Washed / Wet,7.58,7.75,7.42,7.67,7.75,7.67,10.0,7.67,83.5,1750.0,Green,2013
Colombia,Caturra,Washed / Wet,7.58,7.67,7.58,7.75,7.58,7.75,10.0,7.58,83.5,1750.0,Green,2013
Mexico,Bourbon,Natural / Dry,7.83,7.58,7.25,7.5,7.5,7.42,10.0,8.42,83.5,1170.0,Green,2012
Mexico,Typica,Semi-washed / Semi-pulped,7.67,7.75,7.67,7.75,7.58,7.5,10.0,7.58,83.5,940.0,Green,2012
Mexico,Pacamara,Washed / Wet,7.75,7.67,7.67,7.75,7.33,7.5,10.0,7.83,83.5,1400.0,Green,2012
Guatemala,Caturra,Washed / Wet,7.83,7.5,7.5,8.0,7.67,7.5,10.0,7.5,83.5,1524.0,Green,2012
Colombia,Caturra,Washed / Wet,7.67,7.58,7.58,7.67,7.67,7.67,10.0,7.67,83.5,1775.0,Green,2012
Guatemala,Bourbon,Washed / Wet,7.5,7.5,7.75,7.5,8.0,7.67,10.0,7.58,83.5,1402.08,Green,2012
United States (Hawaii),,,7.5,7.67,7.58,7.92,7.58,7.67,10.0,7.58,83.5,,,
Indonesia,,,7.83,7.58,7.58,7.58,7.75,7.58,10.0,7.58,83.5,1600.0,,23 July 2010
Colombia,Caturra,Washed / Wet,7.5,7.58,7.58,7.5,7.75,7.83,10.0,7.67,83.42,439.0,Green,2017 / 2018
Guatemala,Bourbon,Washed / Wet,7.67,7.75,7.5,7.58,7.58,7.67,10.0,7.67,83.42,1700.0,Green,2017
Colombia,Caturra,Washed / Wet,7.67,7.67,7.5,7.67,7.67,7.58,10.0,7.67,83.42,442.0,Green,2016
Costa Rica,Caturra,Washed / Wet,7.58,7.5,7.42,7.92,7.5,7.67,10.0,7.83,83.42,1850.0,Blue-Green,2016
Taiwan,,,7.67,7.67,7.0,7.08,7.0,7.0,10.0,10.0,83.42,,Blue-Green,2015
Uganda,SL14,Washed / Wet,7.58,7.75,7.33,7.75,7.67,7.58,10.0,7.75,83.42,1800.0,Green,2015
Thailand,Catimor,Washed / Wet,7.5,7.58,7.75,7.5,7.75,7.67,10.0,7.67,83.42,1200.0,Bluish-Green,2015
El Salvador,Bourbon,Washed / Wet,7.58,7.5,7.75,7.58,7.75,7.67,10.0,7.58,83.42,1330.0,,2016
Colombia,Caturra,Natural / Dry,7.58,7.67,7.58,7.67,7.58,7.67,10.0,7.67,83.42,442.0,Green,2015
Brazil,Yellow Bourbon,Semi-washed / Semi-pulped,7.33,7.83,7.75,7.5,7.42,7.83,10.0,7.75,83.42,,Green,2014
"Tanzania, United Republic Of",Bourbon,Washed / Wet,7.75,7.67,7.58,7.67,7.58,7.58,10.0,7.58,83.42,1600.0,Green,2014
Colombia,Caturra,Washed / Wet,7.58,7.58,7.25,7.75,7.75,8.58,10.0,7.58,83.42,1813.0,Green,2014/2015
Guatemala,Bourbon,Natural / Dry,7.75,7.83,7.33,7.83,7.5,7.67,10.0,7.5,83.42,1219.2,Green,2013
Guatemala,Caturra,Washed / Wet,7.67,7.75,7.5,7.83,7.58,7.5,10.0,7.58,83.42,1500.0,Green,2014
Guatemala,Bourbon,Washed / Wet,7.67,7.5,7.75,7.42,7.75,7.75,10.0,7.58,83.42,1310.64,Green,2013
United States (Hawaii),Hawaiian Kona,Natural / Dry,7.42,7.75,7.67,7.58,7.67,7.67,10.0,7.67,83.42,,Green,2012
Colombia,Caturra,Washed / Wet,7.5,7.75,7.58,7.5,7.67,7.75,10.0,7.67,83.42,1450.0,Green,2012
Colombia,,,7.58,7.58,7.58,7.67,7.75,7.67,10.0,7.58,83.42,,,
United States (Hawaii),,,7.5,7.92,7.42,7.67,7.83,7.58,10.0,7.5,83.42,,,2010
Thailand,Peaberry,,7.58,7.25,7.5,7.92,7.92,7.42,10.0,7.83,83.42,,,
Mexico,,,7.25,7.88,7.38,7.63,7.5,8.75,10.0,8.0,83.38,1050.0,,January Through April
Colombia,Caturra,Washed / Wet,7.75,7.5,7.75,7.58,7.58,7.58,10.0,7.58,83.33,1650.0,,2016
Colombia,Caturra,Washed / Wet,7.67,7.58,7.58,7.42,7.67,7.75,10.0,7.67,83.33,,Blue-Green,2016
Colombia,Caturra,Washed / Wet,7.83,7.58,7.58,7.58,7.5,7.58,10.0,7.67,83.33,,Green,2016
Brazil,Catuai,Semi-washed / Semi-pulped,7.5,7.83,7.33,7.58,7.58,7.92,10.0,7.58,83.33,1227.0,Green,2015/2016
Mexico,Caturra,Washed / Wet,7.75,7.75,7.5,7.67,7.5,7.58,10.0,7.58,83.33,1200.0,Green,2014
Colombia,Caturra,Washed / Wet,7.67,7.75,7.42,7.83,7.83,7.42,10.0,7.42,83.33,1650.0,Green,2015
"Tanzania, United Republic Of",Other,Semi-washed / Semi-pulped,7.75,7.58,7.67,7.58,7.58,7.58,10.0,7.58,83.33,1700.0,Green,2014
Mexico,Other,Washed / Wet,7.67,7.67,7.58,7.67,7.5,7.58,10.0,7.67,83.33,1100.0,Green,2013
Costa Rica,Caturra,Washed / Wet,7.67,7.67,7.42,7.67,7.67,7.67,10.0,7.58,83.33,1300.0,Green,2014
United States (Hawaii),Hawaiian Kona,Natural / Dry,7.83,7.58,7.83,7.67,7.92,8.0,9.33,7.83,83.33,,Bluish-Green,2014
Costa Rica,Catuai,Washed / Wet,7.5,7.67,7.67,7.5,7.83,7.17,10.0,8.0,83.33,1200.0,Green,2013
Peru,,Washed / Wet,7.83,7.75,7.58,7.83,7.92,7.58,10.0,7.5,83.33,,Green,2013
Haiti,Typica,Washed / Wet,7.58,7.5,7.67,7.5,7.83,7.42,10.0,7.83,83.33,1280.16,Green,2012
Colombia,Caturra,Natural / Dry,7.67,7.67,7.5,7.67,7.92,7.42,10.0,7.5,83.33,1000.0,Green,2013
Guatemala,Bourbon,Washed / Wet,7.83,7.67,7.17,7.67,7.67,7.67,10.0,7.67,83.33,1310.64,Green,2013
United States (Hawaii),Hawaiian Kona,Natural / Dry,7.92,7.5,7.58,7.83,7.67,7.67,10.0,7.83,83.33,,Bluish-Green,2012
Burundi,Bourbon,Washed / Wet,7.75,7.67,7.33,7.5,7.5,7.75,10.0,7.83,83.33,1880.0,,2012
Colombia,Caturra,Washed / Wet,7.5,7.67,7.67,7.58,7.67,7.58,10.0,7.67,83.33,1750.0,Green,2012
United States (Hawaii),,,8.08,7.83,7.83,7.75,7.67,7.58,9.33,7.92,83.33,,,
United States (Hawaii),,,7.58,7.67,7.58,7.5,7.83,7.67,10.0,7.5,83.33,,,
Mexico,Typica,Washed / Wet,7.67,7.83,7.42,7.83,7.33,7.5,10.0,7.67,83.25,1600.0,Blue-Green,2017
Costa Rica,Catuai,Pulped natural / honey,7.5,7.5,7.83,7.5,7.67,7.67,10.0,7.58,83.25,1900.0,Green,2016
Costa Rica,,Washed / Wet,7.83,7.5,7.42,7.67,7.5,7.67,10.0,7.67,83.25,,,2015
Guatemala,Pacas,Washed / Wet,7.5,7.58,7.42,7.83,7.67,7.58,10.0,7.67,83.25,2100.0,Green,2016
Uganda,SL14,Washed / Wet,7.5,7.67,7.67,7.42,7.67,7.67,10.0,7.67,83.25,,Green,2015
Brazil,,,7.58,7.67,7.42,7.5,7.67,7.42,10.0,8.0,83.25,,Green,2016
Colombia,Caturra,Natural / Dry,7.58,7.67,7.67,7.17,7.75,7.83,10.0,7.58,83.25,442.0,Green,2015/2016
Mexico,Typica,Natural / Dry,7.83,7.75,7.5,7.58,7.58,7.58,10.0,7.42,83.25,1261.0,Bluish-Green,2015
Taiwan,Bourbon,Washed / Wet,7.67,7.5,7.5,7.5,7.67,7.83,10.0,7.58,83.25,1000.0,Blue-Green,2015
Taiwan,Typica,Washed / Wet,7.92,7.83,7.75,7.58,7.5,7.33,10.0,7.33,83.25,800.0,Green,2014
Colombia,Caturra,Natural / Dry,7.58,7.58,7.5,7.58,7.58,7.75,10.0,7.67,83.25,1483.0,Green,2014
Guatemala,Caturra,Washed / Wet,7.5,7.67,7.58,7.67,7.67,7.5,10.0,7.67,83.25,1500.0,Green,2014
Colombia,Caturra,Washed / Wet,7.83,7.5,7.67,7.33,7.67,7.67,10.0,7.58,83.25,1750.0,Green,2013
Mexico,Bourbon,Washed / Wet,7.58,7.75,7.5,7.5,7.58,7.58,10.0,7.75,83.25,1300.0,Green,2013
United States (Hawaii),Hawaiian Kona,Natural / Dry,7.58,7.75,7.83,8.0,8.08,7.67,9.33,7.67,83.25,,Bluish-Green,2012
Mexico,Mundo Novo,Washed / Wet,7.75,7.58,7.58,7.58,7.5,7.58,10.0,7.67,83.25,,Green,2012
Mexico,Caturra,Washed / Wet,7.75,7.75,7.42,7.92,7.33,7.5,10.0,7.58,83.25,1000.0,Blue-Green,2012
Guatemala,Bourbon,Washed / Wet,7.83,7.58,7.08,7.83,7.42,8.08,10.0,7.42,83.25,1310.64,Green,2012
Brazil,Yellow Bourbon,Semi-washed / Semi-pulped,7.75,7.67,7.5,7.58,7.58,7.58,10.0,7.58,83.25,1200.0,Blue-Green,2012
Colombia,Caturra,Washed / Wet,7.67,7.58,7.58,7.42,7.83,7.58,10.0,7.58,83.25,175.0,Green,2012
Colombia,Caturra,Washed / Wet,7.67,7.67,7.5,7.5,7.58,7.67,10.0,7.67,83.25,1775.0,Green,2012
Colombia,,,7.92,7.75,7.25,7.42,7.83,7.58,10.0,7.5,83.25,1700.0,,1T/2011
Colombia,,,8.0,7.67,7.67,7.25,7.67,7.5,10.0,7.5,83.25,1880.0,,4t/2010
Colombia,,,7.92,7.75,7.5,7.42,7.42,7.67,10.0,7.58,83.25,1800.0,,4T/2010
Brazil,Bourbon,Natural / Dry,7.67,7.42,7.5,7.58,7.67,7.58,10.0,7.75,83.17,890.0,Green,2017 / 2018
Guatemala,Bourbon,Washed / Wet,7.58,7.58,7.33,7.67,7.75,7.58,10.0,7.67,83.17,1901.0,Green,2017
"Tanzania, United Republic Of",Bourbon,Washed / Wet,7.67,7.58,7.42,7.67,7.67,7.58,10.0,7.58,83.17,168.0,Green,2016
Peru,,,7.92,7.5,7.5,7.58,7.67,7.5,10.0,7.5,83.17,,Green,2017
Vietnam,Catimor,Natural / Dry,7.58,7.42,7.08,7.33,7.58,8.58,10.0,7.58,83.17,1550.0,,2017
Guatemala,Caturra,Washed / Wet,7.67,7.75,7.42,7.75,7.58,7.5,10.0,7.5,83.17,1500.0,Green,2016
Honduras,Catuai,Washed / Wet,7.67,7.67,7.5,7.67,7.5,7.67,10.0,7.5,83.17,1450.0,Blue-Green,2016
China,Catimor,Washed / Wet,7.5,7.67,7.33,7.67,7.67,7.67,10.0,7.67,83.17,1200.0,Green,2015
China,Catimor,Washed / Wet,7.67,7.67,7.5,7.67,7.42,7.58,10.0,7.67,83.17,1600.0,Green,2015
El Salvador,Bourbon,Washed / Wet,7.5,7.5,7.33,7.67,8.0,7.67,10.0,7.5,83.17,1350.0,Green,2016
Guatemala,Bourbon,Washed / Wet,7.5,7.75,7.5,7.83,7.58,7.5,10.0,7.5,83.17,1500.0,Green,2015
Guatemala,Bourbon,Washed / Wet,7.92,7.67,7.42,7.75,7.5,7.5,10.0,7.42,83.17,1650.0,Green,2015
Kenya,SL28,Washed / Wet,7.83,7.75,7.67,7.75,7.83,8.5,9.33,7.83,83.17,250.5,Bluish-Green,2014
Thailand,,Washed / Wet,7.67,7.58,7.58,7.75,7.42,7.67,10.0,7.5,83.17,800.0,Bluish-Green,2014
"Tanzania, United Republic Of",Other,Washed / Wet,7.58,7.67,7.67,7.58,7.42,7.58,10.0,7.67,83.17,1653.0,Bluish-Green,2014
Colombia,Caturra,Washed / Wet,7.58,7.5,7.5,7.67,7.5,7.67,10.0,7.75,83.17,1775.0,,2014
Uganda,SL14,Washed / Wet,8.0,7.67,7.5,7.42,7.33,7.58,10.0,7.67,83.17,1800.0,Bluish-Green,2014
Colombia,,Washed / Wet,7.58,7.75,7.5,7.58,7.58,7.58,10.0,7.58,83.17,,Green,2014
Honduras,Catuai,Natural / Dry,7.5,7.5,7.5,7.67,7.67,7.67,10.0,7.67,83.17,1450.0,Green,2013
Honduras,Caturra,Natural / Dry,7.67,7.67,7.5,7.67,7.5,7.67,10.0,7.5,83.17,1350.0,Green,2014/2015
Guatemala,Catuai,Washed / Wet,7.33,7.83,7.17,8.17,7.33,7.67,10.0,7.67,83.17,1524.0,Green,2014
United States (Hawaii),Hawaiian Kona,Natural / Dry,7.5,7.5,7.58,7.42,7.92,7.67,10.0,7.58,83.17,,Bluish-Green,2013
"Tanzania, United Republic Of",Bourbon,Washed / Wet,7.58,7.5,7.58,7.75,7.58,7.58,10.0,7.58,83.17,1800.0,Green,2014
Guatemala,Bourbon,Washed / Wet,7.67,7.83,7.33,7.67,7.5,7.67,10.0,7.5,83.17,1310.64,Green,2013
Mexico,Typica,Washed / Wet,7.75,7.58,7.58,7.58,7.5,7.42,10.0,7.75,83.17,1500.0,Green,2013
Mexico,Typica,Washed / Wet,7.75,7.67,7.58,7.5,7.42,7.58,10.0,7.67,83.17,532.0,,2012
Mexico,Pacamara,Washed / Wet,7.58,7.75,7.42,7.67,7.5,7.58,10.0,7.67,83.17,1089.0,,2012
Colombia,Caturra,Washed / Wet,7.67,7.5,7.5,7.5,7.58,8.17,10.0,7.25,83.17,1775.0,Green,2012
Mexico,Typica,Washed / Wet,7.75,7.5,7.42,7.75,7.58,7.58,10.0,7.58,83.17,700.0,Green,2012
Colombia,Caturra,Washed / Wet,7.58,7.67,7.5,7.58,7.67,7.67,10.0,7.5,83.17,1750.0,Blue-Green,2012
Mexico,Typica,Washed / Wet,7.5,7.75,7.58,7.58,7.67,7.5,10.0,7.58,83.17,1380.0,,2012
Brazil,Mundo Novo,Natural / Dry,7.75,7.67,7.58,7.5,7.58,7.58,10.0,7.5,83.17,1000.0,Green,2012
Brazil,Mundo Novo,Natural / Dry,7.92,7.58,7.5,7.58,7.42,7.5,10.0,7.67,83.17,950.0,Green,2012
Guatemala,Bourbon,Washed / Wet,7.75,7.5,7.67,7.5,7.92,8.0,9.33,7.5,83.17,1402.08,Green,2012
Brazil,Mundo Novo,Semi-washed / Semi-pulped,7.75,7.5,7.58,7.5,7.75,7.5,10.0,7.58,83.17,1000.0,Blue-Green,2011
Brazil,,,7.58,7.75,7.67,7.5,7.67,7.58,10.0,7.42,83.17,900.0,,2011
El Salvador,,,7.42,7.83,8.17,8.08,7.17,7.58,10.0,7.58,83.17,1200.0,,2010-2011
Ethiopia,,,7.75,8.0,7.67,8.08,7.83,7.92,9.33,7.92,83.17,1850.0,,August to December
Colombia,Caturra,Washed / Wet,7.58,7.67,7.33,7.67,7.75,7.58,10.0,7.5,83.08,1799.0,Green,2016
Colombia,Caturra,Washed / Wet,7.75,7.5,7.5,7.42,8.0,7.75,10.0,7.17,83.08,,Green,2016
Brazil,Yellow Bourbon,Pulped natural / honey,7.58,7.58,7.58,7.5,7.67,7.58,10.0,7.58,83.08,905.0,Bluish-Green,2015
Brazil,Yellow Bourbon,Natural / Dry,7.33,7.67,7.67,7.33,7.75,7.42,10.0,7.92,83.08,1.0,Green,2015/2016
Taiwan,Typica,Natural / Dry,7.83,7.92,7.5,7.83,7.67,7.25,10.0,7.75,83.08,750.0,Green,2015
Brazil,Mundo Novo,Natural / Dry,7.42,7.67,7.58,7.5,7.75,7.67,10.0,7.5,83.08,,Green,2015
Brazil,Bourbon,Washed / Wet,7.58,7.83,7.67,7.42,7.42,7.5,10.0,7.67,83.08,1200.0,Green,2014/2015
Costa Rica,Catuai,Washed / Wet,7.83,7.33,7.5,7.67,7.58,7.67,10.0,7.5,83.08,1300.0,Green,2014
United States (Hawaii),Hawaiian Kona,Natural / Dry,7.33,7.75,7.58,7.33,7.83,7.67,10.0,7.58,83.08,,Bluish-Green,2013
Taiwan,Typica,Other,7.75,7.75,7.5,7.5,7.5,7.5,10.0,7.58,83.08,1300.0,,2013/2014
United States (Hawaii),Hawaiian Kona,Natural / Dry,7.83,7.83,7.33,7.17,7.75,7.67,10.0,7.5,83.08,,Bluish-Green,2012
Mexico,Other,Washed / Wet,7.75,7.67,7.42,7.75,7.5,7.5,10.0,7.5,83.08,1400.0,,2012
United States (Hawaii),Hawaiian Kona,Natural / Dry,7.67,7.58,7.5,7.67,7.92,8.0,10.0,8.08,83.08,,,2012
United States (Hawaii),Hawaiian Kona,Washed / Wet,7.33,7.58,7.58,7.92,7.67,7.58,10.0,7.42,83.08,,Green,2012
Colombia,Caturra,,7.33,7.33,7.33,7.58,7.25,8.08,10.0,8.17,83.08,1775.0,,Mayo a Julio
Colombia,,,7.83,7.75,7.33,7.25,7.42,7.92,10.0,7.58,83.08,1880.0,,47/2010
Indonesia,,,7.67,7.58,7.5,7.58,7.67,7.58,10.0,7.5,83.08,1350.0,,2010
Guatemala,,,7.92,7.67,7.67,7.25,7.83,7.67,10.0,7.75,83.08,,,
Brazil,Bourbon,Natural / Dry,7.58,7.5,7.5,7.75,7.67,7.5,10.0,7.5,83.0,890.0,Green,2017 / 2018
Brazil,Bourbon,Natural / Dry,7.5,7.58,7.58,7.67,7.58,7.5,10.0,7.58,83.0,894.0,Green,2016
Brazil,Bourbon,Natural / Dry,7.5,7.67,7.58,7.67,7.58,7.42,10.0,7.58,83.0,872.0,Bluish-Green,2016
Uganda,Bourbon,Washed / Wet,7.67,7.58,7.42,7.42,7.83,7.5,10.0,7.58,83.0,1473.0,Green,2015
Uganda,Bourbon,Natural / Dry,7.67,7.67,7.5,7.58,7.42,7.5,10.0,7.67,83.0,1645.0,Green,2015
Colombia,,,7.67,7.67,7.33,7.67,7.5,7.58,10.0,7.58,83.0,442.0,Green,2016
Vietnam,Caturra,Other,7.75,7.67,7.58,7.58,7.42,7.67,10.0,8.0,83.0,1550.0,Green,2014
Guatemala,Catuai,Washed / Wet,7.67,7.75,7.33,7.92,7.42,7.5,10.0,7.42,83.0,1550.0,Green,2015
Guatemala,Catuai,Washed / Wet,7.75,7.67,7.33,7.75,7.5,7.42,10.0,7.58,83.0,1371.6,Green,2015
Guatemala,Bourbon,Washed / Wet,7.83,7.67,7.25,7.67,7.75,7.5,10.0,7.33,83.0,1500.0,Green,2015
Brazil,Catuai,Natural / Dry,7.67,7.67,7.67,7.5,7.42,7.5,10.0,7.58,83.0,1000.0,Green,2014
Taiwan,Typica,Washed / Wet,7.92,7.92,7.83,7.58,7.33,7.25,10.0,7.17,83.0,1200.0,Green,2014
Uganda,SL14,Washed / Wet,7.83,7.58,7.5,7.5,7.58,7.5,10.0,7.5,83.0,1800.0,Green,2013
United States (Puerto Rico),Other,Washed / Wet,7.67,7.5,7.67,7.83,7.75,7.83,9.33,7.42,83.0,853.44,Bluish-Green,2013
Guatemala,Bourbon,Washed / Wet,7.67,7.67,7.42,7.83,7.5,7.5,10.0,7.42,83.0,1500.0,Green,2014
Costa Rica,Catuai,Washed / Wet,7.67,7.58,7.5,7.58,7.5,7.5,10.0,7.67,83.0,1200.0,Green,2013
Brazil,Yellow Bourbon,Semi-washed / Semi-pulped,7.75,7.58,7.42,7.67,7.42,7.67,10.0,7.5,83.0,1250.0,Bluish-Green,2013/2014
Colombia,Caturra,Washed / Wet,7.75,7.42,7.33,7.5,7.58,7.17,10.0,8.25,83.0,1775.0,Green,2013
Colombia,Caturra,Washed / Wet,7.83,7.5,7.58,7.33,7.5,7.67,10.0,7.58,83.0,1750.0,Green,2013
Colombia,Caturra,Natural / Dry,7.33,7.67,7.75,7.42,7.75,7.58,10.0,7.5,83.0,1000.0,Green,2013
Colombia,Caturra,Natural / Dry,7.58,7.75,7.42,7.67,7.58,7.42,10.0,7.58,83.0,1000.0,Green,2013
Colombia,Caturra,Washed / Wet,7.5,7.5,7.42,7.58,7.75,7.58,10.0,7.67,83.0,1775.0,Green,2012
Mexico,Typica,Washed / Wet,7.67,7.58,7.42,7.5,7.67,7.58,10.0,7.58,83.0,750.0,Green,2012
Mexico,Typica,Semi-washed / Semi-pulped,7.67,7.83,7.5,7.58,7.58,7.67,10.0,7.83,83.0,1200.0,Green,2012
Mexico,Bourbon,Washed / Wet,7.5,7.67,7.5,7.5,7.58,7.58,10.0,7.67,83.0,1200.0,Green,2012
Colombia,Arusha,Natural / Dry,7.67,7.58,7.5,7.5,7.75,7.5,10.0,7.5,83.0,,,2012
Colombia,Caturra,Washed / Wet,7.75,7.58,7.5,7.67,7.83,7.75,10.0,7.58,83.0,1625.0,Green,2012
Colombia,Caturra,Washed / Wet,7.67,7.58,7.58,7.58,7.67,7.42,10.0,7.5,83.0,1750.0,Green,2012
Guatemala,Bourbon,Washed / Wet,7.5,7.67,7.5,7.67,7.5,7.83,10.0,7.33,83.0,1371.6,Green,2012
Colombia,Caturra,Washed / Wet,7.67,7.67,7.58,7.5,7.67,7.42,10.0,7.5,83.0,1775.0,Bluish-Green,2011
Thailand,,,7.33,7.67,7.58,7.5,7.75,7.67,10.0,7.5,83.0,,,2011
Colombia,,,7.33,7.67,7.58,7.33,7.58,7.92,10.0,7.58,83.0,1450.0,,Abril - Julio
United States (Hawaii),,,7.83,7.83,7.67,7.83,7.92,7.83,9.33,8.08,83.0,,,
United States (Hawaii),,,7.5,7.58,7.42,7.58,7.58,7.67,10.0,7.67,83.0,,,
Colombia,,,7.5,7.58,7.67,7.67,7.58,7.58,10.0,7.42,83.0,1800.0,,4t/2011
Nicaragua,Caturra,,7.58,7.83,7.75,7.92,7.92,8.08,9.33,7.92,83.0,,,2009-2010
Thailand,,,7.5,7.25,7.42,7.75,8.17,7.5,10.0,7.42,83.0,,,
Brazil,Bourbon,Natural / Dry,7.67,7.58,7.5,7.58,7.58,7.5,10.0,7.5,82.92,890.0,Green,2017 / 2018
El Salvador,Bourbon,Washed / Wet,7.5,7.5,7.75,7.58,7.92,7.83,9.33,7.5,82.92,1350.0,Green,2017
Colombia,Caturra,Washed / Wet,7.58,7.67,7.5,7.33,7.67,7.58,10.0,7.58,82.92,1500.0,Green,2017
Taiwan,Caturra,Natural / Dry,7.17,7.83,7.25,7.67,7.67,7.58,10.0,7.75,82.92,350.0,Green,2016
Ethiopia,Ethiopian Heirlooms,Washed / Wet,7.58,7.58,7.5,7.5,7.58,7.58,10.0,7.58,82.92,2000.0,Bluish-Green,2016
Taiwan,Typica,Natural / Dry,7.5,7.58,7.67,7.33,7.5,7.75,10.0,7.58,82.92,775.0,Green,2014
Philippines,Other,Washed / Wet,7.58,7.58,7.67,7.58,7.5,7.5,10.0,7.5,82.92,1200.0,Blue-Green,2015
Philippines,Other,Washed / Wet,8.08,7.5,7.67,7.42,7.33,7.5,10.0,7.42,82.92,1600.0,Bluish-Green,2014
Mexico,Typica,Natural / Dry,7.83,7.67,7.25,7.58,7.5,7.5,10.0,7.58,82.92,1059.0,Blue-Green,2015
Mexico,Bourbon,Washed / Wet,7.75,7.67,7.42,7.42,7.75,7.5,10.0,7.42,82.92,1300.0,Bluish-Green,2015
Brazil,Moka Peaberry,Semi-washed / Semi-pulped,7.08,7.5,7.5,7.83,7.75,7.67,10.0,7.58,82.92,,Green,2014/2015
Uganda,SL14,Washed / Wet,8.0,7.5,7.5,7.58,7.33,7.42,10.0,7.58,82.92,1650.0,Green,2013
Uganda,SL14,Washed / Wet,7.75,7.58,7.58,7.5,7.5,7.5,10.0,7.5,82.92,1400.0,Green,2013
Guatemala,Bourbon,Washed / Wet,7.75,7.5,7.42,7.58,7.67,7.5,10.0,7.5,82.92,1500.0,Green,2014
Guatemala,Caturra,Natural / Dry,7.67,7.83,7.42,7.5,7.33,7.5,10.0,7.67,82.92,1500.0,Green,2014
Guatemala,,Washed / Wet,7.58,7.58,7.25,7.58,7.58,7.58,10.0,7.75,82.92,,Green,2012
Colombia,Caturra,Washed / Wet,7.58,7.5,7.75,7.33,7.58,7.58,10.0,7.58,82.92,1900.0,Green,2013
Colombia,Caturra,Natural / Dry,7.75,7.5,7.25,7.5,7.75,7.5,10.0,7.67,82.92,1750.0,Bluish-Green,2013
Guatemala,Bourbon,Washed / Wet,7.83,7.75,7.25,7.92,7.5,7.17,10.0,7.5,82.92,1706.88,Green,2013
Colombia,Other,Washed / Wet,7.83,7.67,7.42,7.42,7.5,7.58,10.0,7.5,82.92,1450.0,Green,2013
Mexico,Typica,Natural / Dry,7.58,7.58,7.33,7.25,7.58,7.75,10.0,7.83,82.92,1248.0,Green,2012
Vietnam,Other,Natural / Dry,7.67,7.33,7.17,7.58,8.08,7.42,10.0,7.67,82.92,1040.0,,2012
Mexico,Typica,Washed / Wet,8.0,7.92,7.67,7.17,7.67,7.42,10.0,7.75,82.92,1400.0,Green,2012
United States (Hawaii),Hawaiian Kona,Washed / Wet,7.5,7.5,7.5,7.42,7.67,7.83,10.0,7.5,82.92,,Green,2012
Colombia,,,7.5,7.75,7.33,7.75,7.08,7.83,10.0,7.67,82.92,1450.0,,Abril - Julio /2011
Thailand,,,7.42,7.58,7.5,7.17,7.5,8.0,10.0,7.75,82.92,,,
Kenya,SL28,Washed / Wet,7.75,7.58,7.42,7.58,7.5,7.5,10.0,7.5,82.83,1754.0,Green,2017
Guatemala,Bourbon,Washed / Wet,7.5,7.58,7.33,7.67,7.58,7.58,10.0,7.58,82.83,1700.0,Green,2017
Brazil,Yellow Bourbon,Pulped natural / honey,7.67,7.58,7.58,7.5,7.5,7.42,10.0,7.58,82.83,905.0,Bluish-Green,2015
El Salvador,Pacas,Washed / Wet,7.33,7.67,7.67,7.83,7.33,7.67,10.0,7.33,82.83,1250.0,Green,2016
Rwanda,Bourbon,Washed / Wet,7.83,7.92,7.75,7.83,7.75,7.75,9.33,8.0,82.83,1900.0,Bluish-Green,2015
Vietnam,Other,Other,7.25,7.58,7.5,7.42,7.75,7.42,10.0,7.92,82.83,1040.0,Green,2014
Guatemala,Bourbon,Washed / Wet,7.58,7.58,7.33,7.67,7.67,7.5,10.0,7.5,82.83,1219.2,Green,2015
Brazil,Catuai,Natural / Dry,7.58,7.83,7.33,7.67,7.42,7.33,10.0,7.67,82.83,900.0,Green,2015
Colombia,Other,Washed / Wet,7.83,7.67,7.5,7.58,7.5,7.67,10.0,7.08,82.83,1600.0,,2014
United States,Other,Other,7.42,7.58,7.25,7.5,7.75,7.75,10.0,7.58,82.83,1200.0,,2014
Guatemala,Bourbon,Washed / Wet,7.67,7.67,7.75,7.67,7.42,7.17,10.0,7.5,82.83,1500.0,Green,2014
Colombia,Typica,Natural / Dry,7.5,7.42,7.58,7.5,7.58,7.58,10.0,7.67,82.83,1800.0,Green,2013
Colombia,Caturra,Washed / Wet,7.83,7.5,7.5,7.42,7.5,7.5,10.0,7.58,82.83,1775.0,Green,2013
"Tanzania, United Republic Of",Arusha,Washed / Wet,7.67,7.5,7.33,7.25,7.58,7.75,10.0,7.75,82.83,1400.0,Green,2012
Mexico,Caturra,Washed / Wet,7.58,7.67,7.5,7.58,7.5,7.5,10.0,7.5,82.83,1550.0,Green,2012
Mexico,Bourbon,Washed / Wet,7.67,7.58,7.42,7.75,7.42,7.42,10.0,7.58,82.83,1250.0,Blue-Green,2012
Guatemala,Bourbon,Washed / Wet,7.67,7.67,7.33,7.5,7.33,7.92,10.0,7.42,82.83,1310.64,Green,2012
Mexico,Typica,Washed / Wet,7.58,7.58,7.5,7.42,7.67,7.58,10.0,7.5,82.83,1380.0,,2012
El Salvador,,,7.75,7.58,7.75,7.75,7.25,7.5,10.0,7.25,82.83,1200.0,,2010-2011
Guatemala,Caturra,Washed / Wet,7.5,7.58,7.42,7.67,7.58,7.5,10.0,7.5,82.75,1100.0,Green,
Guatemala,Caturra,Washed / Wet,7.58,7.67,7.5,7.58,7.5,7.42,10.0,7.5,82.75,1800.0,Green,2017
Guatemala,Bourbon,Washed / Wet,7.5,7.67,7.17,7.67,7.67,7.58,10.0,7.5,82.75,1700.0,Green,2017
Guatemala,Bourbon,Washed / Wet,7.5,7.5,7.42,7.58,7.67,7.5,10.0,7.58,82.75,1219.2,Green,2017
Guatemala,Bourbon,Washed / Wet,7.42,7.58,7.42,7.67,7.5,7.5,10.0,7.67,82.75,1219.2,Green,2017
Indonesia,Sulawesi,Other,7.5,7.58,7.42,7.58,7.58,7.5,10.0,7.58,82.75,1500.0,Blue-Green,2017
Guatemala,Bourbon,Washed / Wet,7.58,7.58,7.33,7.58,7.33,7.67,10.0,7.67,82.75,157.8864,Green,2017
Taiwan,Yellow Bourbon,Natural / Dry,7.83,7.67,7.33,7.67,7.58,7.67,10.0,7.67,82.75,650.0,Green,2016
El Salvador,Bourbon,Washed / Wet,7.67,7.67,7.17,7.33,7.58,7.67,10.0,7.67,82.75,1250.0,,2017
Costa Rica,Caturra,Washed / Wet,7.58,7.5,7.42,7.67,7.42,7.5,10.0,7.67,82.75,1850.0,Bluish-Green,2016
Honduras,Caturra,Natural / Dry,7.58,7.5,7.42,7.58,7.5,7.5,10.0,7.67,82.75,1400.0,Green,2017
Brazil,Yellow Bourbon,Pulped natural / honey,7.5,7.5,7.58,7.5,7.58,7.58,10.0,7.5,82.75,905.0,Bluish-Green,2015
China,Catimor,Natural / Dry,7.67,7.5,7.33,7.33,7.67,7.67,10.0,7.58,82.75,1100.0,Green,2015
China,Catimor,Washed / Wet,7.5,7.67,7.42,7.67,7.5,7.5,10.0,7.5,82.75,1500.0,Green,2015
Colombia,Caturra,Washed / Wet,7.5,7.58,7.58,7.75,7.33,7.5,10.0,7.5,82.75,1775.0,Blue-Green,2014
Malawi,Gesha,Washed / Wet,7.75,7.58,7.42,7.5,7.33,7.5,10.0,7.67,82.75,1442.0,Bluish-Green,2014
Guatemala,Pacas,Washed / Wet,7.75,7.42,7.25,7.75,7.5,7.67,10.0,7.42,82.75,1524.0,Green,2014
Colombia,Typica,Washed / Wet,7.67,7.42,7.42,7.58,7.33,7.67,10.0,7.67,82.75,165.0,Green,2014
United States (Hawaii),Hawaiian Kona,Natural / Dry,7.67,7.58,7.42,7.83,7.33,7.5,10.0,7.42,82.75,,Blue-Green,2013
United States (Hawaii),Hawaiian Kona,Natural / Dry,7.58,7.83,7.75,7.75,7.42,8.0,10.0,7.75,82.75,,Green,2013
Colombia,Caturra,Washed / Wet,7.58,7.33,7.17,7.33,7.25,8.58,10.0,7.5,82.75,1300.0,Green,2013
Mexico,Typica,Washed / Wet,7.58,7.58,7.5,7.5,7.5,7.5,10.0,7.58,82.75,1550.0,Green,2013
Mexico,Typica,Washed / Wet,7.58,7.58,7.33,7.75,7.25,7.58,10.0,7.67,82.75,1200.0,,2012
Mexico,Typica,Natural / Dry,8.08,8.17,8.0,8.0,7.83,7.92,10.0,8.08,82.75,1200.0,,2012
Colombia,Caturra,Washed / Wet,7.5,7.58,7.42,7.67,7.5,7.58,10.0,7.5,82.75,1625.0,Blue-Green,2012
Colombia,Caturra,Washed / Wet,7.67,7.58,7.58,7.58,7.5,7.42,10.0,7.42,82.75,1775.0,Green,2012
United States (Hawaii),Hawaiian Kona,Washed / Wet,7.25,7.75,7.5,7.83,7.67,7.67,10.0,7.75,82.75,,Green,2012
Panama,Catuai,Washed / Wet,7.42,7.42,7.5,7.58,7.5,7.75,10.0,7.58,82.75,1100.0,Green,2012
United States (Hawaii),,,7.75,7.67,7.5,7.83,7.17,7.42,10.0,7.42,82.75,,,
Brazil,Bourbon,Natural / Dry,7.5,7.58,7.25,7.75,7.58,7.5,10.0,7.5,82.67,890.0,Green,2017 / 2018
Brazil,Bourbon,Natural / Dry,7.5,7.58,7.5,7.67,7.5,7.42,10.0,7.5,82.67,934.0,Bluish-Green,2016
Laos,Catimor,Washed / Wet,7.67,7.67,7.42,7.42,7.42,7.5,10.0,7.58,82.67,1300.0,Bluish-Green,2015
El Salvador,Pacas,Washed / Wet,7.67,7.67,7.67,7.67,7.5,7.67,9.33,7.5,82.67,1200.0,Green,2016
Mexico,,,7.5,7.67,7.42,7.75,7.42,7.17,10.0,7.75,82.67,1300.0,Green,2016
Colombia,,Washed / Wet,7.75,7.5,7.33,7.58,7.33,7.75,10.0,7.42,82.67,,Green,2015
Brazil,Yellow Bourbon,Natural / Dry,7.58,7.5,7.42,7.67,7.5,7.5,10.0,7.5,82.67,1.0,Green,2015/2016
Brazil,Catuai,Natural / Dry,7.33,7.5,7.58,7.58,7.67,7.5,10.0,7.5,82.67,,,2014
"Tanzania, United Republic Of",Other,Washed / Wet,7.5,7.5,7.5,7.5,7.5,7.58,10.0,7.58,82.67,1700.0,Green,2014
"Tanzania, United Republic Of",Bourbon,Washed / Wet,7.58,7.5,7.5,7.58,7.33,7.58,10.0,7.58,82.67,1550.0,Green,2014
Taiwan,Typica,Washed / Wet,8.0,7.83,7.83,7.42,7.25,7.25,10.0,7.08,82.67,1200.0,Green,2014
Mexico,Typica,Natural / Dry,7.67,7.58,7.42,7.5,7.42,7.5,10.0,7.58,82.67,1296.0,Green,2014
Uganda,SL14,Washed / Wet,7.67,7.5,7.33,7.67,7.5,7.5,10.0,7.5,82.67,1650.0,Green,2013
Taiwan,Typica,Washed / Wet,7.67,7.5,7.5,7.5,7.5,7.5,10.0,7.5,82.67,1240.0,Green,2013/2014
Thailand,Caturra,Washed / Wet,7.42,7.5,7.5,7.67,7.58,7.5,10.0,7.5,82.67,1500.0,Bluish-Green,2013
Colombia,Caturra,Washed / Wet,7.75,7.58,7.67,7.25,7.58,7.42,10.0,7.42,82.67,1800.0,Bluish-Green,2012
El Salvador,Other,Washed / Wet,7.92,8.0,7.5,6.75,7.92,7.58,9.33,7.67,82.67,,,2012
Guatemala,Caturra,Washed / Wet,7.67,7.67,7.17,7.67,7.5,7.5,10.0,7.5,82.67,1500.0,Green,2012
Thailand,Other,Washed / Wet,7.83,7.33,7.83,7.33,7.58,7.83,9.33,7.58,82.67,,Bluish-Green,2012
Mexico,Other,Washed / Wet,7.58,7.58,7.42,7.58,7.42,7.5,10.0,7.58,82.67,1100.0,,2012
Mexico,Typica,Washed / Wet,7.5,7.58,7.58,7.58,7.42,7.42,10.0,7.58,82.67,950.0,,2012
Colombia,,,7.33,7.58,7.42,7.42,7.67,7.67,10.0,7.58,82.67,3850.0,Green,Spring 2011 in Colombia.
United States (Hawaii),,,7.83,7.67,7.5,7.67,7.5,7.58,9.33,7.58,82.67,,,
Mexico,Blue Mountain,,7.75,7.58,7.25,7.75,7.67,7.58,10.0,7.08,82.67,1400.0,,2010-2011
Colombia,,,8.08,7.67,7.67,7.33,7.33,7.17,10.0,7.42,82.67,1800.0,,4T/10
Colombia,,,7.5,7.42,7.33,7.33,7.67,7.83,10.0,7.58,82.67,,,2009-2010
Guatemala,Bourbon,Washed / Wet,7.5,7.42,7.42,7.75,7.5,7.5,10.0,7.5,82.58,1219.2,Green,2017
Taiwan,Typica,Pulped natural / honey,7.67,7.42,7.5,7.42,7.58,7.5,10.0,7.5,82.58,1050.0,Green,2016
Brazil,,Pulped natural / honey,7.5,7.58,7.42,7.5,7.75,7.33,10.0,7.5,82.58,,Green,2016
Taiwan,,,7.25,7.25,7.0,7.08,7.0,7.0,10.0,10.0,82.58,200.0,Blue-Green,2016 / 2017
Brazil,,,7.42,7.42,7.5,7.33,7.25,7.67,10.0,8.0,82.58,,Green,2016
Indonesia,Typica,Semi-washed / Semi-pulped,7.83,7.58,7.42,7.33,7.42,7.5,10.0,7.5,82.58,1250.0,Blue-Green,2015
Thailand,,Washed / Wet,7.75,7.33,7.42,7.67,7.42,7.5,10.0,7.5,82.58,800.0,Green,2014
Thailand,Caturra,Washed / Wet,7.42,7.58,7.58,7.42,7.58,7.5,10.0,7.5,82.58,1450.0,Blue-Green,2014
"Tanzania, United Republic Of",Other,Washed / Wet,7.75,7.42,7.33,7.5,7.58,7.5,10.0,7.5,82.58,1317.0,,2014
Uganda,SL14,Natural / Dry,7.83,7.5,7.42,7.58,7.42,7.42,10.0,7.42,82.58,1650.0,Green,2013
Costa Rica,Catuai,Washed / Wet,7.67,7.42,7.5,7.67,7.0,7.75,10.0,7.58,82.58,1300.0,Green,2013
Mexico,,Washed / Wet,7.58,7.58,7.42,7.75,7.67,7.67,10.0,7.58,82.58,,Green,2014
Guatemala,,Natural / Dry,7.5,7.58,7.42,7.58,7.42,7.58,10.0,7.5,82.58,,Blue-Green,2012
Colombia,Caturra,Washed / Wet,7.75,7.25,7.33,7.42,7.5,7.83,10.0,7.5,82.58,1750.0,Blue-Green,2013
Colombia,Caturra,Washed / Wet,7.75,7.5,7.75,7.25,7.33,7.58,10.0,7.42,82.58,1750.0,,2012
Colombia,Caturra,Washed / Wet,7.58,7.5,7.42,7.58,7.67,7.42,10.0,7.42,82.58,1750.0,Green,2013
Mexico,Typica,Washed / Wet,7.5,7.58,7.5,7.5,7.42,7.5,10.0,7.58,82.58,1250.0,Green,2012
Mexico,Typica,Washed / Wet,7.67,7.58,7.58,7.75,7.67,6.83,10.0,7.5,82.58,1150.0,Green,2012
Colombia,Caturra,Washed / Wet,7.33,7.42,7.58,7.42,7.67,7.5,10.0,7.67,82.58,1775.0,Green,2012
Brazil,Mundo Novo,,7.58,7.5,7.33,7.75,7.5,7.5,10.0,7.42,82.58,975.0,,2011
Brazil,Bourbon,Natural / Dry,7.5,7.5,7.5,7.5,7.58,7.5,10.0,7.42,82.5,890.0,Green,2017 / 2018
Indonesia,Other,Washed / Wet,7.83,7.75,7.25,7.5,7.42,7.33,10.0,7.42,82.5,1250.0,Green,2017
Honduras,Caturra,Washed / Wet,7.58,7.58,7.33,7.5,7.5,7.5,10.0,7.5,82.5,1400.0,Green,2017
Guatemala,Bourbon,Washed / Wet,7.5,7.5,7.33,7.5,7.67,7.5,10.0,7.5,82.5,1219.2,Green,2016
Thailand,,Washed / Wet,7.5,7.83,7.5,7.75,7.33,7.42,10.0,7.83,82.5,800.0,Green,2014
Thailand,Caturra,Washed / Wet,7.33,7.5,7.5,7.5,7.67,7.5,10.0,7.5,82.5,1450.0,,2014
"Tanzania, United Republic Of",Other,Washed / Wet,7.67,7.42,7.33,7.58,7.5,7.5,10.0,7.5,82.5,1600.0,Green,2014
"Tanzania, United Republic Of",Other,Washed / Wet,7.75,7.0,7.42,7.58,7.58,7.58,10.0,7.58,82.5,,Bluish-Green,2014
Mexico,Other,Washed / Wet,7.42,7.58,7.5,7.67,7.25,7.5,10.0,7.58,82.5,1600.0,Green,2013
Brazil,Yellow Bourbon,Semi-washed / Semi-pulped,7.42,7.5,7.67,7.33,7.42,7.67,10.0,7.5,82.5,1260.0,Bluish-Green,2013/2014
Guatemala,Bourbon,Washed / Wet,7.83,7.42,7.33,7.67,7.42,7.5,10.0,7.33,82.5,1310.64,Green,2013
Colombia,Caturra,Washed / Wet,7.5,7.5,7.42,7.42,7.58,7.58,10.0,7.5,82.5,1750.0,Green,2013
Guatemala,Bourbon,Washed / Wet,7.83,7.67,7.17,7.33,7.5,7.67,10.0,7.33,82.5,1310.64,Green,2013
Mexico,Typica,Washed / Wet,7.5,7.58,7.5,7.5,7.42,7.42,10.0,7.58,82.5,1679.0,,2012
Mexico,Typica,Washed / Wet,7.67,7.5,7.33,7.67,7.5,7.33,10.0,7.5,82.5,1100.0,Green,2012
Mexico,Typica,Semi-washed / Semi-pulped,7.92,7.5,7.33,7.58,7.25,7.42,10.0,7.5,82.5,1650.0,,2012
Guatemala,Caturra,Natural / Dry,7.67,7.33,7.33,7.33,7.5,7.83,10.0,7.5,82.5,,Green,2012
Brazil,Bourbon,Semi-washed / Semi-pulped,7.67,7.42,7.33,7.67,7.5,7.5,10.0,7.42,82.5,1250.0,Blue-Green,2012
Colombia,Caturra,Washed / Wet,7.67,7.5,7.33,7.5,7.25,7.67,10.0,7.58,82.5,1775.0,Green,2012
United States (Hawaii),Hawaiian Kona,Washed / Wet,7.33,7.42,7.33,7.75,7.42,7.67,10.0,7.58,82.5,,Green,2012
Guatemala,,,7.75,7.58,7.67,7.67,7.58,7.58,10.0,7.33,82.5,1600.0,,
Honduras,Other,Washed / Wet,7.42,7.67,7.17,7.58,7.58,7.5,10.0,7.5,82.42,1500.0,Green,2017
Guatemala,Bourbon,Washed / Wet,7.58,7.5,7.33,7.75,7.33,7.5,10.0,7.42,82.42,1700.0,Green,2017
Guatemala,Bourbon,Washed / Wet,7.67,7.58,7.25,7.67,7.42,7.33,10.0,7.5,82.42,1700.0,Green,2016
Guatemala,Bourbon,Washed / Wet,7.58,7.5,7.25,7.67,7.5,7.5,10.0,7.42,82.42,157.8864,Green,2017
Guatemala,Caturra,Washed / Wet,7.5,7.42,7.08,7.75,7.67,7.5,10.0,7.5,82.42,,Green,2017
Colombia,Caturra,Washed / Wet,5.08,7.75,7.83,7.75,7.83,8.08,10.0,8.08,82.42,1600.0,Green,2016
China,Catimor,Washed / Wet,7.67,7.42,7.42,7.5,7.42,7.42,10.0,7.58,82.42,1600.0,Green,2015
Brazil,,,7.42,7.5,7.33,7.5,7.25,7.42,10.0,8.0,82.42,,Green,2016
"Tanzania, United Republic Of",Ruiru 11,Washed / Wet,7.67,7.25,7.42,7.42,7.67,7.42,10.0,7.58,82.42,2285.0,Green,2015/2016
Brazil,Yellow Bourbon,Natural / Dry,7.17,7.83,7.33,7.5,7.75,7.42,10.0,7.42,82.42,1.0,Green,2015/2016
Guatemala,Caturra,Washed / Wet,7.5,7.5,7.5,7.67,7.42,7.5,10.0,7.33,82.42,1400.0,Green,2013
Mexico,Typica,Washed / Wet,7.42,7.5,7.42,7.58,7.42,7.5,10.0,7.58,82.42,1296.0,Green,2014
Brazil,Catuai,Semi-washed / Semi-pulped,7.58,7.67,7.33,7.5,7.5,7.42,10.0,7.42,82.42,1000.0,Blue-Green,2012
Peru,,Washed / Wet,7.58,7.58,7.58,7.75,7.5,7.58,10.0,7.5,82.42,,Green,2013
Brazil,Yellow Bourbon,Natural / Dry,7.25,7.33,7.25,7.5,7.42,7.5,10.0,8.17,82.42,1260.0,Green,2013/2014
Mexico,Bourbon,Washed / Wet,7.5,7.58,7.5,7.92,7.42,7.67,10.0,7.5,82.42,1170.0,Green,2013
Honduras,,Washed / Wet,7.25,7.67,7.42,7.17,7.75,7.5,10.0,7.67,82.42,,,2012
Colombia,Caturra,Washed / Wet,7.67,7.42,7.33,7.5,7.58,7.5,10.0,7.42,82.42,1775.0,Green,2013
Mexico,Typica,Washed / Wet,7.5,7.42,7.42,7.67,7.42,7.58,10.0,7.42,82.42,1560.0,Green,2013
Mexico,Typica,Semi-washed / Semi-pulped,7.42,7.58,7.5,7.42,7.58,7.5,10.0,7.42,82.42,1400.0,Green,2012
Mexico,Typica,Washed / Wet,7.42,7.58,7.33,7.58,7.5,7.5,10.0,7.5,82.42,1300.0,Green,2012
Mexico,Caturra,Washed / Wet,7.75,7.33,7.25,7.58,7.58,7.33,10.0,7.58,82.42,1170.0,Green,2012
Mexico,Typica,Washed / Wet,7.5,7.58,7.33,7.5,7.5,7.5,10.0,7.5,82.42,1300.0,Green,2012
Mexico,Pacamara,Washed / Wet,7.58,7.58,7.17,7.5,7.5,7.5,10.0,7.58,82.42,1350.0,Green,2012
Mexico,Caturra,Washed / Wet,7.58,7.33,7.33,7.58,7.5,7.5,10.0,7.58,82.42,1150.0,Green,2012
Mexico,Bourbon,Washed / Wet,7.67,7.58,7.33,7.42,7.58,7.33,10.0,7.5,82.42,1250.0,,2012
Mexico,Typica,Washed / Wet,7.83,7.5,7.42,7.67,7.17,7.33,10.0,7.5,82.42,1450.0,Bluish-Green,2012
Colombia,Caturra,Natural / Dry,7.67,7.33,7.25,7.42,7.5,7.67,10.0,7.58,82.42,442.0,,2012
Brazil,Arusha,Natural / Dry,7.75,7.5,7.42,7.42,7.5,7.42,10.0,7.42,82.42,,Blue-Green,2012
Colombia,Caturra,Washed / Wet,7.33,7.58,7.17,7.58,7.42,7.58,10.0,7.75,82.42,1750.0,Green,2011
Colombia,,,7.58,7.25,7.42,7.25,7.58,7.83,10.0,7.5,82.42,1750.0,,3T/2011
Honduras,Caturra,Washed / Wet,7.5,7.58,7.33,7.5,7.42,7.42,10.0,7.58,82.33,1396.0,Green,2017
Brazil,Catuai,Natural / Dry,7.33,7.5,7.5,7.33,7.5,7.5,10.0,7.67,82.33,982.0,Green,2016
Brazil,,Natural / Dry,7.42,7.42,7.42,7.5,7.5,7.58,10.0,7.5,82.33,,Green,2016 / 2017
Brazil,Bourbon,Natural / Dry,7.5,7.5,7.42,7.5,7.42,7.5,10.0,7.5,82.33,934.0,Bluish-Green,2016
Costa Rica,Caturra,Washed / Wet,7.75,7.5,7.25,7.25,7.42,7.67,10.0,7.5,82.33,1850.0,Bluish-Green,2015
Costa Rica,Catuai,Washed / Wet,7.75,7.33,7.5,7.5,7.33,7.58,10.0,7.33,82.33,1550.0,Green,2015
China,Catimor,Pulped natural / honey,7.5,7.58,7.42,7.5,7.42,7.42,10.0,7.5,82.33,1580.0,Green,2015
Brazil,Bourbon,Natural / Dry,8.25,7.83,7.25,8.33,8.17,8.08,10.0,7.75,82.33,1268.0,Green,2015/2016
Brazil,Mundo Novo,Natural / Dry,7.42,7.5,7.5,7.42,7.5,7.58,10.0,7.42,82.33,,Green,2015
Guatemala,Bourbon,Washed / Wet,7.5,7.42,7.17,7.83,7.5,7.5,10.0,7.42,82.33,1676.4,Green,2015
Malawi,Gesha,Washed / Wet,7.33,7.58,7.42,7.58,7.33,7.5,10.0,7.58,82.33,1450.0,Green,2014
Brazil,Bourbon,Natural / Dry,7.75,8.08,7.67,8.08,8.08,8.0,6.67,8.0,82.33,1100.0,Blue-Green,2014/2015
Guatemala,Pacas,Washed / Wet,7.58,7.67,7.5,7.58,7.75,7.5,10.0,7.42,82.33,1524.0,Green,2014
Mexico,,Washed / Wet,7.33,7.58,7.42,7.5,7.5,7.5,10.0,7.5,82.33,,Green,2014
Colombia,Caturra,Washed / Wet,7.42,7.33,7.5,7.17,7.08,8.33,10.0,7.5,82.33,1300.0,Green,2013
Taiwan,Typica,Semi-washed / Semi-pulped,7.5,7.5,7.5,7.5,7.5,7.5,10.0,7.33,82.33,200.0,Green,2013/2014
Taiwan,Typica,Washed / Wet,7.5,7.5,7.5,7.5,7.5,7.5,10.0,7.33,82.33,600.0,Green,2013/2014
Guatemala,Bourbon,Washed / Wet,7.5,7.42,7.58,7.5,7.5,7.58,10.0,7.25,82.33,1310.64,Green,2013
Colombia,Caturra,Washed / Wet,7.5,7.42,7.5,7.5,7.5,7.58,10.0,7.33,82.33,1750.0,Green,2013
Mexico,Typica,Washed / Wet,7.67,7.5,7.42,7.5,7.42,7.42,10.0,7.42,82.33,1300.0,Green,2013
Costa Rica,,Washed / Wet,7.92,7.58,7.25,7.75,7.92,7.58,10.0,7.67,82.33,,Green,2012
Guatemala,Bourbon,Washed / Wet,7.67,7.5,7.33,7.67,7.5,7.33,10.0,7.33,82.33,1752.6,Green,2012
Mexico,Typica,Natural / Dry,7.58,7.67,7.58,7.33,7.0,7.58,10.0,7.58,82.33,441.0,,2012
Mexico,Bourbon,Washed / Wet,7.67,7.58,7.5,7.58,7.5,7.5,10.0,7.0,82.33,1170.0,Green,2012
Guatemala,Bourbon,Washed / Wet,7.5,7.67,7.33,7.5,7.33,7.5,10.0,7.5,82.33,1310.64,Green,2012
Brazil,Mundo Novo,Natural / Dry,7.58,7.5,7.42,7.5,7.5,7.42,10.0,7.42,82.33,1100.0,Green,2012
Mexico,Typica,Washed / Wet,8.0,7.75,7.33,7.33,7.08,7.67,10.0,7.83,82.33,1300.0,Green,2012
Brazil,Mundo Novo,Washed / Wet,7.58,7.58,7.25,7.58,7.42,7.5,10.0,7.42,82.33,950.0,Green,2012
Colombia,Caturra,Natural / Dry,7.83,7.58,7.33,7.25,7.58,7.42,10.0,7.33,82.33,442.0,Green,2012
Brazil,Catuai,Washed / Wet,7.58,7.5,7.25,7.42,7.67,7.33,10.0,7.5,82.25,1100.0,Green,
Taiwan,,,7.0,7.08,7.0,7.17,7.0,7.0,10.0,10.0,82.25,,Blue-Green,2016/2017
Guatemala,Pacas,Washed / Wet,7.67,7.5,7.25,7.67,7.42,7.42,10.0,7.33,82.25,1450.0,Green,2016
Brazil,Yellow Bourbon,Natural / Dry,7.42,7.67,7.5,7.08,7.5,7.42,10.0,7.67,82.25,1.0,Green,2015/2016
El Salvador,Bourbon,Washed / Wet,7.58,7.67,7.5,7.67,7.83,8.42,9.33,7.58,82.25,1500.0,Green,2014
Honduras,Catuai,Washed / Wet,7.58,7.5,7.42,7.58,7.42,7.42,10.0,7.33,82.25,1350.0,Green,2015
Malawi,Gesha,Washed / Wet,7.58,7.42,7.33,7.42,7.58,7.5,10.0,7.42,82.25,1180.0,Blue-Green,2014
Brazil,Bourbon,Natural / Dry,7.75,7.58,7.42,7.42,7.33,7.33,10.0,7.42,82.25,1100.0,Green,2014/2015
Taiwan,Typica,Washed / Wet,7.5,7.5,7.5,7.5,7.5,7.5,10.0,7.25,82.25,650.0,Green,2013/2014
Mexico,Mundo Novo,Washed / Wet,7.58,7.58,7.42,7.42,7.42,7.42,10.0,7.42,82.25,1338.0,Blue-Green,2013
United States (Hawaii),Hawaiian Kona,Natural / Dry,7.33,7.42,7.5,7.67,7.5,7.42,10.0,7.42,82.25,,Bluish-Green,2013
Mexico,Bourbon,Washed / Wet,7.58,7.58,7.5,7.17,7.42,7.42,10.0,7.58,82.25,533.0,,2012
Guatemala,Bourbon,Washed / Wet,7.5,7.5,7.33,7.58,7.67,7.33,10.0,7.33,82.25,1390.8024,Green,2012
Mexico,Bourbon,Washed / Wet,7.5,7.58,7.42,7.67,7.33,7.42,10.0,7.33,82.25,1170.0,Green,2012
Mexico,Typica,Washed / Wet,7.67,7.58,7.33,7.5,7.42,7.42,10.0,7.33,82.25,1250.0,Green,2012
El Salvador,Other,Washed / Wet,7.75,7.33,7.33,7.5,7.5,7.5,10.0,7.33,82.25,,Green,2012
Mexico,Typica,Washed / Wet,7.33,7.58,7.42,7.67,7.33,7.5,10.0,7.42,82.25,1100.0,Green,2012
Mexico,Typica,Washed / Wet,7.42,7.5,7.42,7.58,7.42,7.5,10.0,7.42,82.25,900.0,Green,2012
Colombia,Caturra,Washed / Wet,7.5,7.42,7.67,7.33,7.58,7.33,10.0,7.42,82.25,1750.0,Green,2012
Colombia,Caturra,Washed / Wet,7.67,7.33,7.33,7.33,7.5,7.5,10.0,7.58,82.25,1775.0,Green,2012
Brazil,Arusha,Natural / Dry,7.67,7.58,7.42,7.0,7.5,7.58,10.0,7.5,82.25,,Green,2012
Colombia,,,7.17,7.25,7.58,7.25,7.58,7.67,10.0,7.75,82.25,,,
Brazil,Bourbon,Natural / Dry,7.42,7.42,7.5,7.42,7.42,7.5,10.0,7.5,82.17,934.0,Green,2016
Honduras,Caturra,Washed / Wet,7.5,7.5,7.17,7.42,7.5,7.5,10.0,7.58,82.17,1500.0,Bluish-Green,2015
Nicaragua,,,7.5,7.5,7.33,7.42,7.5,7.42,10.0,7.5,82.17,1000.0,Green,
"Tanzania, United Republic Of",Bourbon,Washed / Wet,7.58,7.42,7.42,7.33,7.5,7.42,10.0,7.5,82.17,1650.0,Green,2015
"Tanzania, United Republic Of",Other,Washed / Wet,7.42,7.42,7.42,7.5,7.5,7.33,10.0,7.58,82.17,1600.0,Green,2015/2016
Brazil,Yellow Bourbon,Natural / Dry,6.92,7.58,7.42,7.33,7.83,7.5,10.0,7.58,82.17,1.0,Green,2015/2016
Thailand,,Washed / Wet,7.42,7.42,7.17,7.75,7.25,7.67,10.0,7.5,82.17,800.0,Bluish-Green,2014
Honduras,Catuai,Washed / Wet,7.67,7.5,7.25,7.42,7.58,7.42,10.0,7.33,82.17,1350.0,Green,2015
Guatemala,Bourbon,Washed / Wet,7.42,7.42,7.5,7.5,7.42,7.5,10.0,7.42,82.17,1500.0,Blue-Green,2014
Brazil,Mundo Novo,Natural / Dry,7.58,7.5,7.42,7.25,7.5,7.42,10.0,7.5,82.17,,Green,2014
"Tanzania, United Republic Of",Other,Washed / Wet,7.75,7.42,7.42,7.58,7.33,7.42,10.0,7.25,82.17,1700.0,Green,2014
Mexico,Other,Washed / Wet,7.42,7.33,7.17,7.42,7.33,8.17,10.0,7.33,82.17,1100.0,Green,2013
Mexico,Other,Washed / Wet,7.5,7.5,7.33,7.42,7.5,7.42,10.0,7.5,82.17,1400.0,,2013
Taiwan,Typica,Other,7.5,7.5,7.5,7.5,7.5,7.5,10.0,7.17,82.17,1200.0,Green,2013/2014
Taiwan,Typica,Washed / Wet,7.67,7.5,7.5,7.17,7.17,7.58,10.0,7.58,82.17,800.0,Green,2012
Colombia,Caturra,Washed / Wet,7.33,7.25,7.25,7.58,7.75,7.5,10.0,7.5,82.17,1750.0,Bluish-Green,2013
Mexico,Typica,Washed / Wet,7.5,7.67,7.0,7.5,7.33,7.5,10.0,7.67,82.17,1144.0,,2012
Guatemala,Caturra,Washed / Wet,7.25,7.75,7.0,7.75,8.17,7.75,9.33,7.17,82.17,1350.0,,2012
Mexico,Typica,Washed / Wet,7.5,7.58,7.25,7.5,7.5,7.33,10.0,7.5,82.17,1000.0,Green,2012
Mexico,Typica,Washed / Wet,7.0,7.67,7.5,7.5,7.42,7.5,10.0,7.58,82.17,1200.0,Green,2012
Colombia,,,7.58,7.67,7.42,7.17,7.17,7.75,10.0,7.42,82.17,1800.0,,4T/10
Indonesia,Bourbon,Washed / Wet,7.5,7.5,7.42,7.42,7.5,7.42,10.0,7.33,82.08,1300.0,,2017
Colombia,Caturra,Washed / Wet,7.75,7.58,7.42,7.67,7.83,7.58,10.0,7.58,82.08,,Green,2016
Brazil,Bourbon,Natural / Dry,7.42,7.58,7.42,7.5,7.42,7.25,10.0,7.5,82.08,894.0,Green,2016
Brazil,Yellow Bourbon,Natural / Dry,7.25,7.25,7.58,7.58,7.25,7.92,10.0,7.25,82.08,1.0,Green,2015/2016
Costa Rica,Caturra,Washed / Wet,7.75,7.42,7.42,7.25,7.17,7.42,10.0,7.67,82.08,1300.0,Blue-Green,2015
"Tanzania, United Republic Of",Bourbon,Washed / Wet,7.42,7.33,7.42,7.42,7.5,7.58,10.0,7.42,82.08,1500.0,Green,2014
"Tanzania, United Republic Of",Other,Washed / Wet,7.42,7.5,7.5,7.33,7.33,7.5,10.0,7.5,82.08,1600.0,Green,2014
Colombia,,Washed / Wet,7.5,7.42,7.42,7.42,7.67,7.42,10.0,7.25,82.08,,Green,2013
Costa Rica,Caturra,Washed / Wet,7.58,7.33,7.33,7.33,7.5,7.67,10.0,7.33,82.08,13.0,Green,2013
United States (Hawaii),Hawaiian Kona,Natural / Dry,7.25,7.58,7.58,7.25,7.5,7.42,10.0,7.5,82.08,,Bluish-Green,2012
Mexico,Typica,Washed / Wet,7.42,7.58,7.5,7.33,7.42,7.42,10.0,7.42,82.08,1300.0,Green,2012
Mexico,Typica,Washed / Wet,7.5,7.42,7.42,7.5,7.25,7.5,10.0,7.5,82.08,1800.0,Green,2012
Mexico,Typica,Washed / Wet,7.67,7.5,7.25,7.58,7.42,7.33,10.0,7.33,82.08,1250.0,Green,2012
Vietnam,Other,Natural / Dry,7.67,8.0,7.17,7.08,7.67,7.08,10.0,7.42,82.08,1040.0,Green,2012
Mexico,Typica,Washed / Wet,7.58,7.42,7.25,7.75,7.33,7.42,10.0,7.33,82.08,1250.0,Green,2012
United States (Hawaii),Hawaiian Kona,Washed / Wet,7.33,7.5,7.33,7.58,7.08,7.83,10.0,7.42,82.08,,Green,2012
Colombia,,,7.67,7.42,7.67,7.33,7.25,7.58,10.0,7.17,82.08,1600.0,,January 2011
Honduras,Caturra,Washed / Wet,7.5,7.5,7.17,7.5,7.5,7.42,10.0,7.42,82.0,1600.0,Green,2017
Honduras,Caturra,Natural / Dry,7.5,7.5,7.25,7.33,7.42,7.5,10.0,7.5,82.0,1600.0,Green,2016
Brazil,Bourbon,Natural / Dry,7.5,7.33,7.42,7.5,7.33,7.42,10.0,7.5,82.0,944.0,Green,2016
"Tanzania, United Republic Of",Other,Washed / Wet,7.67,7.33,7.33,7.42,7.42,7.42,10.0,7.42,82.0,1650.0,Green,2015
Laos,Other,Washed / Wet,7.42,7.5,7.25,7.33,7.5,7.5,10.0,7.5,82.0,1250.0,Blue-Green,2015
"Tanzania, United Republic Of",Other,Washed / Wet,7.42,7.42,7.33,7.58,7.33,7.42,10.0,7.5,82.0,1350.0,Green,2014
Malawi,Gesha,Washed / Wet,7.5,7.42,7.33,7.58,7.33,7.5,10.0,7.33,82.0,2500.0,Bluish-Green,2014
Taiwan,Typica,Washed / Wet,7.33,7.5,7.17,7.42,7.5,7.33,10.0,7.75,82.0,600.0,Green,2013
Thailand,,Washed / Wet,7.58,7.5,7.42,7.42,7.33,7.42,10.0,7.33,82.0,800.0,Green,2013
Costa Rica,Catuai,Washed / Wet,7.5,7.25,7.33,7.33,7.75,7.5,10.0,7.33,82.0,1300.0,Green,2013
Honduras,Caturra,Washed / Wet,7.33,7.33,7.33,7.5,7.5,7.83,10.0,7.17,82.0,1400.0,Green,2014
Colombia,Caturra,Washed / Wet,7.33,7.33,7.58,7.5,7.5,7.58,10.0,7.17,82.0,1900.0,Green,2013
Taiwan,Typica,Washed / Wet,7.42,7.58,7.33,7.42,8.0,7.5,10.0,7.42,82.0,650.0,Bluish-Green,2012
Brazil,Mundo Novo,Natural / Dry,7.33,7.67,7.42,7.17,7.33,7.42,10.0,7.67,82.0,1038.5,Blue-Green,2012
Mexico,Typica,Washed / Wet,7.67,7.33,7.25,7.5,7.42,7.42,10.0,7.42,82.0,940.0,Green,2012
Brazil,Mundo Novo,Natural / Dry,7.42,7.5,7.33,7.5,7.33,7.5,10.0,7.42,82.0,1000.0,Green,2012
Brazil,Catuai,Semi-washed / Semi-pulped,7.42,7.5,7.25,7.5,7.5,7.42,10.0,7.42,82.0,1050.0,Blue-Green,2012
Guatemala,Bourbon,Natural / Dry,7.33,7.33,7.33,7.5,7.67,7.67,10.0,7.17,82.0,,Green,2012
Brazil,Mundo Novo,Semi-washed / Semi-pulped,7.58,7.5,7.17,7.5,7.5,7.42,10.0,7.33,82.0,950.0,Green,2012
Guatemala,Bourbon,Washed / Wet,7.75,7.33,7.33,7.42,7.75,7.67,9.33,7.42,82.0,1402.08,Green,2012
Colombia,Caturra,,7.33,7.0,7.08,7.42,7.5,7.67,10.0,8.0,82.0,1775.0,,Mayo a Julio
Guatemala,Bourbon,Washed / Wet,7.58,7.5,7.25,7.58,7.58,7.5,10.0,7.58,81.92,1901.0,Green,2017
Guatemala,Bourbon,Washed / Wet,7.5,7.5,7.25,7.42,7.42,7.42,10.0,7.42,81.92,1219.2,Green,2017
Honduras,Caturra,Washed / Wet,7.58,7.5,7.25,7.33,7.42,7.5,10.0,7.33,81.92,1400.0,Green,2017
Brazil,Catuai,Natural / Dry,7.42,7.33,7.33,7.5,7.5,7.33,10.0,7.5,81.92,1020.0,Green,2016 / 2017
El Salvador,Bourbon,Washed / Wet,7.67,7.58,7.33,7.5,7.5,7.67,9.33,7.33,81.92,1250.0,Green,2014
Guatemala,Catuai,Washed / Wet,7.58,7.58,7.17,7.83,7.17,7.33,10.0,7.25,81.92,1550.0,Green,2015
"Tanzania, United Republic Of",Other,Washed / Wet,7.33,7.33,7.33,7.42,7.5,7.58,10.0,7.42,81.92,1877.0,Green,2014
Nicaragua,,Washed / Wet,7.58,7.42,7.25,7.17,7.5,7.67,10.0,7.33,81.92,,Green,2013
Zambia,SL28,Washed / Wet,7.67,7.08,7.42,7.33,7.75,7.42,10.0,7.25,81.92,1250.0,,2014
Honduras,,Washed / Wet,7.42,7.33,7.33,7.58,7.33,7.5,10.0,7.42,81.92,,Green,2012
Taiwan,Typica,Other,7.5,7.5,7.42,7.25,7.5,7.5,10.0,7.25,81.92,1000.0,Green,2012
Mexico,Bourbon,Washed / Wet,7.58,7.5,7.25,7.58,7.5,7.25,10.0,7.25,81.92,1300.0,Green,2013
Mexico,Typica,Semi-washed / Semi-pulped,7.5,7.5,7.25,7.25,7.5,7.5,10.0,7.42,81.92,981.0,,2012
Mexico,Mundo Novo,Washed / Wet,7.5,7.42,7.25,7.5,7.33,7.33,10.0,7.58,81.92,690.0,,2012
Mexico,Other,Washed / Wet,7.33,7.58,7.17,7.58,7.42,7.33,10.0,7.5,81.92,1650.0,Green,2012
Mexico,Bourbon,Washed / Wet,7.67,7.42,7.33,7.83,7.5,7.5,10.0,7.33,81.92,1000.0,Green,2012
Brazil,Mundo Novo,Natural / Dry,7.42,7.58,7.25,7.5,7.33,7.5,10.0,7.33,81.92,1100.0,Green,2012
Colombia,,,7.67,7.33,7.33,7.58,7.33,7.33,10.0,7.33,81.92,1600.0,,4T/2010
Guatemala,Bourbon,Washed / Wet,7.42,7.5,7.25,7.5,7.33,7.42,10.0,7.42,81.83,157.8864,Green,2017
Costa Rica,Catuai,Pulped natural / honey,7.25,7.33,7.5,7.33,7.67,7.42,10.0,7.33,81.83,1900.0,Green,2016
Brazil,Mundo Novo,Natural / Dry,7.42,7.5,7.42,7.5,7.42,7.25,10.0,7.33,81.83,973.0,Green,2016
Indonesia,Other,Other,7.75,7.83,7.58,7.75,7.92,7.83,10.0,5.17,81.83,1250.0,Green,2015
Guatemala,Bourbon,Washed / Wet,7.58,7.5,7.33,7.42,7.58,7.25,10.0,7.17,81.83,3280.0,Green,2015
Brazil,Yellow Bourbon,Natural / Dry,7.17,7.58,6.83,7.5,7.75,7.25,10.0,7.75,81.83,1.0,Green,2015/2016
Brazil,Yellow Bourbon,Natural / Dry,7.58,7.0,6.92,6.92,7.67,7.5,10.0,8.25,81.83,1.0,Green,2015/2016
Myanmar,Catuai,Washed / Wet,7.33,7.58,7.5,7.42,7.33,7.33,10.0,7.33,81.83,4001.0,Green,2015
Mexico,Catuai,Washed / Wet,7.58,7.5,7.33,7.5,7.17,7.33,10.0,7.42,81.83,1425.0,Green,2015
Honduras,Catuai,Washed / Wet,7.5,7.5,7.33,7.5,7.42,7.25,10.0,7.33,81.83,1400.0,Green,2015
Costa Rica,Caturra,Washed / Wet,7.67,7.5,7.5,7.25,7.08,7.42,10.0,7.42,81.83,1300.0,Green,2015
Taiwan,Typica,Washed / Wet,7.67,7.33,7.17,7.25,7.75,7.33,10.0,7.33,81.83,700.0,Green,2014
Indonesia,Typica,Other,7.42,7.42,7.42,7.33,7.42,7.42,10.0,7.42,81.83,1300.0,,2014
Malawi,Gesha,Washed / Wet,7.58,7.42,7.33,7.33,7.33,7.42,10.0,7.42,81.83,1556.0,Green,2014
Brazil,Bourbon,Natural / Dry,7.33,7.58,7.25,7.17,7.83,7.33,10.0,7.33,81.83,1100.0,Green,2014/2015
Honduras,Caturra,Natural / Dry,7.5,7.5,7.33,7.33,7.33,7.33,10.0,7.5,81.83,1350.0,Green,2014
Mexico,Typica,Washed / Wet,7.42,7.42,7.25,7.5,7.33,7.42,10.0,7.5,81.83,1550.0,Green,2014
Colombia,Caturra,Washed / Wet,7.5,7.5,7.0,7.42,7.5,7.58,10.0,7.33,81.83,1775.0,Bluish-Green,2013
United States (Hawaii),Hawaiian Kona,Natural / Dry,7.83,7.83,7.83,8.0,7.83,7.83,10.0,8.0,81.83,,Bluish-Green,2012
Brazil,Bourbon,Semi-washed / Semi-pulped,7.75,7.75,7.5,7.42,7.83,7.75,9.33,7.83,81.83,1250.0,Bluish-Green,2012
Guatemala,Bourbon,Washed / Wet,7.83,7.67,7.33,7.33,7.67,7.83,9.33,7.5,81.83,1310.64,Green,2013
Mexico,Bourbon,Washed / Wet,7.83,7.33,7.25,7.58,7.25,7.33,10.0,7.25,81.83,1500.0,Green,2012
Mexico,Typica,Semi-washed / Semi-pulped,7.33,7.33,7.25,7.5,7.5,7.5,10.0,7.42,81.83,1250.0,Green,2012
Brazil,Mundo Novo,,7.33,7.67,7.25,7.5,7.5,7.25,10.0,7.33,81.83,925.0,,2011
Colombia,,,7.58,7.5,7.17,7.58,7.33,7.33,10.0,7.33,81.83,1700.0,,1t/2011
United States (Hawaii),,,7.25,7.58,7.83,7.67,7.75,7.75,10.0,7.33,81.83,,,
Guatemala,Bourbon,Washed / Wet,7.5,7.5,7.25,7.42,7.42,7.33,10.0,7.33,81.75,1700.0,Green,2017
Vietnam,Caturra,Washed / Wet,7.0,7.08,7.33,7.5,7.5,7.33,10.0,8.0,81.75,1040.0,Bluish-Green,2014
"Tanzania, United Republic Of",Other,Washed / Wet,7.42,7.42,7.42,7.42,7.33,7.33,10.0,7.42,81.75,1600.0,Bluish-Green,2014
Brazil,,Natural / Dry,7.17,7.25,7.17,7.25,7.42,8.25,10.0,7.25,81.75,,Bluish-Green,2013
Mexico,Bourbon,Washed / Wet,7.5,7.5,7.33,7.42,7.25,7.25,10.0,7.5,81.75,774.0,,2012
Mexico,Mundo Novo,Washed / Wet,7.42,7.5,7.17,7.67,7.33,7.42,10.0,7.25,81.75,1250.0,Green,2012
Mexico,Typica,Washed / Wet,7.42,7.5,7.33,7.58,7.33,7.33,10.0,7.25,81.75,1100.0,Green,2012
Mexico,Caturra,Washed / Wet,7.33,7.42,7.33,7.67,7.42,7.25,10.0,7.33,81.75,1550.0,Green,2012
Mexico,Typica,Washed / Wet,7.5,7.42,7.25,7.33,7.67,7.25,10.0,7.33,81.75,1650.0,,2012
Colombia,Caturra,Washed / Wet,7.33,7.42,7.33,7.33,7.5,7.67,10.0,7.17,81.75,1750.0,Green,2011
Colombia,,,7.42,7.58,6.92,7.08,7.25,8.0,10.0,7.5,81.75,1775.0,,Mayo a Julio
Brazil,Bourbon,Natural / Dry,7.42,7.5,7.25,7.5,7.5,7.25,10.0,7.25,81.67,890.0,Green,2017 / 2018
Guatemala,Bourbon,Washed / Wet,7.42,7.42,7.08,7.42,7.33,7.42,10.0,7.58,81.67,1700.0,Green,2017
Guatemala,Bourbon,Washed / Wet,7.42,7.33,7.17,7.67,7.33,7.42,10.0,7.33,81.67,1219.2,Green,2017
Honduras,Catuai,Washed / Wet,7.58,7.5,7.33,7.33,7.42,7.25,10.0,7.25,81.67,1450.0,Blue-Green,2016
"Tanzania, United Republic Of",,,7.17,7.33,7.33,7.42,7.5,7.33,10.0,7.58,81.67,1800.0,Green,2016
Nicaragua,,,7.58,7.5,7.25,7.25,7.5,7.25,10.0,7.33,81.67,,Green,
Colombia,,,7.75,7.75,7.75,7.67,5.25,7.83,10.0,7.67,81.67,,,2016
Brazil,Yellow Bourbon,Natural / Dry,7.25,7.75,6.92,7.42,7.5,7.58,10.0,7.25,81.67,1.0,Green,2015/2016
"Tanzania, United Republic Of",Other,Washed / Wet,7.42,7.33,7.25,7.42,7.5,7.42,10.0,7.33,81.67,1500.0,Green,2014
"Tanzania, United Republic Of",Other,Washed / Wet,7.33,7.33,7.5,7.25,7.42,7.33,10.0,7.5,81.67,1700.0,Green,2013
Brazil,Bourbon,Washed / Wet,7.25,7.42,7.25,7.5,7.5,7.42,10.0,7.33,81.67,1260.0,Green,2014/2015
Indonesia,Sumatra,Semi-washed / Semi-pulped,7.17,7.42,7.33,7.42,7.33,7.42,10.0,7.58,81.67,,Bluish-Green,2013
Honduras,Caturra,Natural / Dry,7.5,7.33,7.5,7.5,7.17,7.17,10.0,7.5,81.67,1400.0,Green,2014
Costa Rica,Caturra,Washed / Wet,7.5,7.17,7.17,7.17,7.5,7.08,10.0,8.08,81.67,1850.0,Green,2013
Mexico,,Washed / Wet,7.42,7.42,7.67,8.0,7.58,7.5,10.0,7.42,81.67,,Green,2014
Taiwan,Typica,Semi-washed / Semi-pulped,7.5,7.5,7.5,7.25,7.42,7.25,10.0,7.25,81.67,150.0,Green,2013/2014
Taiwan,Typica,Washed / Wet,7.58,7.42,7.33,7.42,7.33,7.33,10.0,7.25,81.67,750.0,Green,2013/2014
Mexico,Typica,Washed / Wet,7.5,7.42,7.08,7.58,7.33,7.33,10.0,7.42,81.67,1400.0,Green,2013
Guatemala,Bourbon,Washed / Wet,7.5,7.67,7.33,7.33,7.33,7.33,10.0,7.17,81.67,1752.6,Green,2012
Mexico,Typica,Washed / Wet,7.25,7.67,7.58,7.67,7.67,7.58,10.0,7.58,81.67,1650.0,Green,2012
Mexico,Bourbon,Washed / Wet,7.67,7.25,7.17,7.75,7.5,7.25,10.0,7.08,81.67,1400.0,Green,2012
Mexico,Bourbon,Washed / Wet,7.5,7.42,7.33,7.42,7.42,7.42,10.0,7.17,81.67,1200.0,Green,2012
Mexico,Bourbon,Washed / Wet,7.58,7.42,7.25,7.58,7.25,7.17,10.0,7.42,81.67,1400.0,Green,2012
Mexico,Caturra,Semi-washed / Semi-pulped,7.75,7.58,7.25,7.17,7.58,7.33,10.0,7.67,81.67,940.0,Green,2012
United States (Hawaii),Hawaiian Kona,Washed / Wet,7.42,7.33,7.33,7.33,7.17,7.83,10.0,7.25,81.67,,Green,2012
Honduras,Catimor,Washed / Wet,7.5,7.42,7.08,7.42,7.5,7.33,10.0,7.33,81.58,1200.0,Blue-Green,2018
Guatemala,Bourbon,Washed / Wet,7.42,7.42,7.08,7.5,7.42,7.33,10.0,7.42,81.58,,Green,2017
Taiwan,Typica,Washed / Wet,7.42,7.42,7.25,7.67,7.33,7.25,10.0,7.25,81.58,800.0,Blue-Green,2016
Costa Rica,Caturra,Washed / Wet,7.58,7.42,7.5,7.17,7.08,7.58,10.0,7.25,81.58,13.0,Green,2015
"Tanzania, United Republic Of",Other,Washed / Wet,7.42,7.42,7.33,7.42,7.42,7.33,10.0,7.25,81.58,1800.0,Green,2014
Malawi,Gesha,Washed / Wet,7.42,7.42,7.17,7.58,7.33,7.33,10.0,7.33,81.58,1100.0,Green,2014
Taiwan,Typica,Semi-washed / Semi-pulped,7.33,7.17,7.08,7.08,8.33,8.25,9.33,7.0,81.58,850.0,,2014
Brazil,Yellow Bourbon,Washed / Wet,7.42,7.42,7.33,7.33,7.5,7.25,10.0,7.33,81.58,1260.0,Blue-Green,2013/2014
Guatemala,Bourbon,Washed / Wet,7.42,7.33,7.17,7.58,7.42,7.5,10.0,7.17,81.58,1310.64,Green,2013
Mexico,Typica,Washed / Wet,7.67,7.5,7.42,7.5,6.75,7.42,10.0,7.33,81.58,1400.0,Green,2013
Mexico,Marigojipe,Natural / Dry,7.33,7.5,7.25,7.5,7.5,7.17,10.0,7.33,81.58,1600.0,,2012
Mexico,Typica,Natural / Dry,7.67,7.58,7.42,7.58,7.58,7.42,8.67,7.67,81.58,1650.0,,2012
Thailand,,,7.08,7.33,7.58,7.58,7.17,7.5,10.0,7.33,81.58,1499.9208,,2011
Thailand,,,7.33,7.33,7.17,7.5,7.58,7.33,10.0,7.33,81.58,,,2011
Costa Rica,,,7.25,7.17,7.33,7.33,7.5,7.75,10.0,7.25,81.58,1600.2,,
Guatemala,Bourbon,Washed / Wet,7.67,7.58,7.17,7.42,7.33,7.42,10.0,7.58,81.5,1219.2,Green,2017
Nicaragua,Caturra,Other,7.5,7.42,7.33,7.33,7.25,7.33,10.0,7.33,81.5,1100.0,Green,2017
Honduras,Caturra,Washed / Wet,7.5,7.5,7.33,7.42,7.17,7.25,10.0,7.33,81.5,1400.0,Green,2017
Guatemala,Bourbon,,7.5,7.42,7.25,7.25,7.5,7.25,10.0,7.33,81.5,,Green,2017
Taiwan,Typica,Natural / Dry,7.5,7.42,7.33,7.08,7.58,7.25,10.0,7.33,81.5,180.0,Green,2015
Myanmar,Catuai,Washed / Wet,7.25,7.42,7.25,7.5,7.33,7.33,10.0,7.42,81.5,1219.2,Green,2015
Costa Rica,Caturra,Washed / Wet,7.83,7.33,7.08,7.08,7.33,7.5,10.0,7.33,81.5,1200.0,Green,2014
Malawi,Gesha,Washed / Wet,7.67,7.42,6.92,7.5,7.5,7.17,10.0,7.33,81.5,1599.0,Green,2014
Guatemala,Other,Washed / Wet,7.5,7.42,7.17,7.58,7.25,7.42,10.0,7.17,81.5,1219.2,Green,2014
Taiwan,Typica,Washed / Wet,7.42,7.33,7.67,7.33,7.42,7.5,9.33,7.5,81.5,900.0,Blue-Green,2014
Brazil,Yellow Bourbon,Semi-washed / Semi-pulped,7.58,7.5,7.5,7.67,7.67,7.83,9.33,7.75,81.5,1200.0,Green,2014
Haiti,Blue Mountain,Washed / Wet,7.42,7.33,7.25,7.42,7.42,7.33,10.0,7.33,81.5,825.0,Bluish-Green,2013
Taiwan,Typica,Other,7.5,7.42,7.25,7.25,7.33,7.33,10.0,7.42,81.5,600.0,Green,2013/2014
Mexico,Typica,Washed / Wet,7.33,7.33,7.17,7.42,7.5,7.5,10.0,7.25,81.5,1150.0,Green,2013
Mexico,Typica,Washed / Wet,7.58,7.42,7.25,7.42,7.33,7.33,10.0,7.17,81.5,1600.0,Green,2012
Mexico,Catuai,Washed / Wet,7.42,7.25,7.17,7.42,7.17,8.0,10.0,7.08,81.5,1100.0,Green,2012
Mexico,Typica,Semi-washed / Semi-pulped,7.33,7.5,7.33,7.33,7.33,7.42,10.0,7.25,81.5,1000.0,Green,2012
Mexico,Bourbon,Washed / Wet,7.42,7.42,7.33,7.17,7.25,7.42,10.0,7.5,81.5,1250.0,Green,2012
Mexico,Typica,Natural / Dry,7.5,7.5,7.25,7.5,7.42,7.58,10.0,7.42,81.5,1100.0,Green,2012
Indonesia,Other,Washed / Wet,7.75,7.17,7.17,7.33,7.58,7.33,10.0,7.17,81.5,1400.0,Green,2012
Brazil,Bourbon,Semi-washed / Semi-pulped,7.5,7.42,7.17,7.42,7.5,7.33,10.0,7.17,81.5,125.0,Blue-Green,2012
Guatemala,Bourbon,Washed / Wet,7.33,7.5,7.33,7.42,7.17,7.33,10.0,7.42,81.5,,Green,2012
Colombia,,,7.42,7.42,7.17,7.42,7.42,7.33,10.0,7.33,81.5,1450.0,,Abril - Julio
United States (Hawaii),,,7.33,7.33,7.33,7.5,7.5,7.83,10.0,7.33,81.5,,,
Mexico,Mundo Novo,Washed / Wet,7.58,7.33,7.08,7.33,7.5,7.33,10.0,7.25,81.42,1100.0,Green,2017
Guatemala,Catuai,Washed / Wet,7.42,7.33,7.08,7.58,7.33,7.25,10.0,7.42,81.42,1371.6,Green,2016
Brazil,Catuai,Natural / Dry,7.33,7.5,7.5,7.33,6.83,7.42,10.0,7.5,81.42,1100.0,Green,2015/2016
Honduras,Catuai,Washed / Wet,7.5,7.33,7.17,7.25,7.5,7.42,10.0,7.25,81.42,1400.0,Green,2015
Taiwan,Typica,Washed / Wet,7.83,7.75,7.42,7.17,7.08,7.08,10.0,7.08,81.42,110.0,Green,2014
Malawi,Gesha,Washed / Wet,7.58,7.17,7.33,7.42,7.08,7.42,10.0,7.42,81.42,1422.0,Bluish-Green,2014
Brazil,Bourbon,Natural / Dry,7.25,7.5,7.42,7.17,7.33,7.33,10.0,7.42,81.42,1100.0,Green,2014/2015
Guatemala,Bourbon,Washed / Wet,7.42,7.5,7.17,7.42,7.42,7.42,10.0,7.08,81.42,1550.0,Green,2014
Mexico,Typica,Washed / Wet,7.67,7.33,7.25,7.17,7.25,7.42,10.0,7.33,81.42,1550.0,Green,2014
Peru,,Washed / Wet,7.42,7.42,7.17,7.33,7.42,7.42,10.0,7.25,81.42,,Bluish-Green,2013
Guatemala,Bourbon,Washed / Wet,7.42,7.33,7.25,7.42,7.42,7.5,10.0,7.08,81.42,1310.64,Green,2013
Mexico,Caturra,Washed / Wet,7.42,7.33,7.25,7.17,7.25,7.42,10.0,7.58,81.42,763.0,,2012
Mexico,Typica,Washed / Wet,7.42,7.42,7.25,7.25,7.5,7.33,10.0,7.25,81.42,1100.0,,2012
Colombia,Caturra,Natural / Dry,7.5,7.42,7.25,7.17,7.17,7.75,10.0,7.17,81.42,1750.0,Green,2011
Colombia,,,7.75,7.33,7.42,7.0,7.33,7.25,10.0,7.33,81.42,1880.0,,4T72010
United States (Hawaii),Peaberry,,7.83,7.0,7.0,7.58,7.58,7.5,10.0,6.92,81.42,,,
Colombia,Caturra,Washed / Wet,7.5,7.33,7.33,7.17,7.33,7.42,10.0,7.25,81.33,,,2016
Honduras,Caturra,Washed / Wet,7.5,7.5,7.0,7.17,7.5,7.33,10.0,7.33,81.33,1500.0,Bluish-Green,2016 / 2017
Mexico,,,7.67,7.42,7.0,7.42,7.58,7.08,10.0,7.17,81.33,1130.0,Green,2016
Brazil,Catuai,Natural / Dry,7.25,7.33,7.33,7.33,7.33,7.42,10.0,7.33,81.33,1100.0,Green,2015/2016
Honduras,Catuai,Washed / Wet,7.58,7.42,7.17,7.42,7.17,7.17,10.0,7.42,81.33,1350.0,Green,2015
Brazil,Yellow Bourbon,Other,7.17,7.33,7.42,7.25,7.42,7.33,10.0,7.42,81.33,1200.0,Green,2014/2015
Philippines,Other,Washed / Wet,7.08,7.33,7.42,7.33,7.33,7.5,10.0,7.33,81.33,1400.0,Green,2014
Malawi,Gesha,Washed / Wet,7.75,7.33,7.08,7.33,7.33,7.25,10.0,7.25,81.33,1200.0,Green,2014
Honduras,Catuai,Washed / Wet,7.33,7.33,7.17,7.33,7.5,7.33,10.0,7.33,81.33,1450.0,Green,2014
Mexico,Typica,Washed / Wet,7.58,7.42,7.25,7.33,7.25,7.25,10.0,7.25,81.33,1800.0,Green,2012
Mexico,Typica,Washed / Wet,7.33,7.25,7.17,7.42,7.58,7.33,10.0,7.25,81.33,1000.0,,2012
Brazil,Catuai,Natural / Dry,7.5,7.58,7.5,7.5,7.75,7.83,9.33,7.58,81.33,1100.0,Green,
Taiwan,Typica,Natural / Dry,7.83,7.75,7.67,7.83,7.83,7.75,10.0,5.25,81.25,680.0,Green,2015
Brazil,Yellow Bourbon,Natural / Dry,7.17,7.42,7.17,7.08,6.92,8.17,10.0,7.33,81.25,1.0,Green,2015/2016
Nicaragua,Catuai,Washed / Wet,7.08,7.5,7.33,7.17,7.42,7.25,10.0,7.5,81.25,1100.0,Green,2015
Honduras,Catuai,Washed / Wet,7.42,7.17,7.17,7.5,7.33,7.25,10.0,7.42,81.25,1400.0,Green,2015
Guatemala,Pacamara,Washed / Wet,7.33,7.42,7.17,7.25,7.42,7.33,10.0,7.33,81.25,1700.0,Bluish-Green,2014
"Tanzania, United Republic Of",Other,Washed / Wet,7.33,7.17,7.17,7.5,7.25,7.42,10.0,7.42,81.25,1700.0,Green,2014
Taiwan,Typica,Semi-washed / Semi-pulped,7.5,7.5,7.25,7.25,7.25,7.25,10.0,7.25,81.25,650.0,Green,2013/2014
Guatemala,Caturra,Washed / Wet,7.5,7.33,7.5,7.58,7.0,7.25,10.0,7.08,81.25,1524.0,Green,2013
Mexico,Typica,Washed / Wet,7.42,7.42,7.33,7.33,7.5,7.42,10.0,7.5,81.25,1500.0,Green,2012
Nicaragua,,Washed / Wet,7.33,7.5,7.17,7.17,7.58,7.17,10.0,7.25,81.17,1200.0,Green,2016
"Tanzania, United Republic Of",Bourbon,Washed / Wet,7.67,7.17,7.17,7.33,7.5,7.17,10.0,7.17,81.17,1050.0,Green,2015/2016
Mexico,Caturra,Washed / Wet,7.75,7.58,7.08,7.25,7.08,7.25,10.0,7.17,81.17,1200.0,Green,2015
Costa Rica,Caturra,Washed / Wet,7.5,7.5,7.33,7.17,7.08,7.17,10.0,7.42,81.17,1300.0,Bluish-Green,2015
Honduras,Catuai,Natural / Dry,7.42,7.33,7.0,7.42,7.33,7.33,10.0,7.33,81.17,1450.0,Green,2015
Thailand,Caturra,Washed / Wet,6.83,7.42,7.42,7.17,7.5,7.42,10.0,7.42,81.17,1450.0,Blue-Green,2014
Philippines,Typica,Natural / Dry,7.25,7.25,7.25,7.08,7.58,7.5,10.0,7.25,81.17,1200.0,,2014
"Tanzania, United Republic Of",Bourbon,Washed / Wet,7.58,7.17,7.17,7.33,7.33,7.25,10.0,7.33,81.17,1550.0,Bluish-Green,2014
Malawi,Caturra,Washed / Wet,7.58,7.25,7.33,7.08,7.33,7.33,10.0,7.25,81.17,995.0,Green,2014
Costa Rica,Catuai,Washed / Wet,7.33,7.08,7.33,7.25,7.33,7.58,10.0,7.25,81.17,1300.0,Green,2014
Brazil,Catuai,Natural / Dry,7.42,7.42,7.17,7.42,7.33,7.25,10.0,7.17,81.17,,Green,2013
Mexico,Typica,Natural / Dry,7.42,7.25,7.08,7.75,7.42,7.17,10.0,7.08,81.17,1800.0,Green,2012
Guatemala,Caturra,Washed / Wet,7.42,7.25,7.33,7.25,7.25,7.42,10.0,7.25,81.17,1450.0,Green,2012
Brazil,Mundo Novo,Natural / Dry,7.42,7.33,7.25,7.42,7.5,7.17,10.0,7.08,81.17,1000.0,Green,2012
United States (Hawaii),,,7.25,7.75,7.67,7.67,7.42,7.67,10.0,7.75,81.17,,,
Ethiopia,,Natural / Dry,7.42,7.33,7.17,7.33,7.42,7.17,10.0,7.25,81.08,,,2016
Brazil,Mundo Novo,Natural / Dry,7.58,7.42,7.5,7.25,7.75,7.58,9.33,7.33,81.08,695.0,Green,2016
Nicaragua,Other,Washed / Wet,7.33,7.33,7.33,7.42,7.33,7.33,10.0,7.0,81.08,1100.0,,2015
United States,Pache Comun,Natural / Dry,7.42,7.17,7.33,7.42,7.25,7.33,10.0,7.17,81.08,1706.88,,2014
"Tanzania, United Republic Of",Other,Washed / Wet,7.42,7.33,7.33,7.25,7.25,7.33,10.0,7.17,81.08,1456.0,Green,2014
Costa Rica,Caturra,Washed / Wet,7.42,7.25,7.17,7.25,7.25,7.58,10.0,7.17,81.08,1500.0,Green,2014
United States (Puerto Rico),Other,Washed / Wet,7.67,7.75,7.67,7.58,7.58,7.67,10.0,8.5,81.08,853.44,Green,2013
Mexico,Typica,Washed / Wet,7.25,7.42,7.33,7.33,7.17,7.33,10.0,7.25,81.08,1650.0,,2012
Mexico,Typica,Washed / Wet,7.33,7.25,7.33,7.42,7.25,7.42,10.0,7.08,81.08,1300.0,Green,2012
Mexico,Typica,Washed / Wet,7.33,7.33,7.25,7.42,7.25,7.25,10.0,7.25,81.08,1642.0,Green,2012
Mexico,Typica,Washed / Wet,7.42,7.33,7.25,7.42,7.17,7.25,10.0,7.25,81.08,1200.0,Green,2012
United States (Hawaii),Hawaiian Kona,Washed / Wet,7.42,7.42,7.25,7.58,6.92,7.17,10.0,7.33,81.08,,Blue-Green,2012
Brazil,Bourbon,Pulped natural / honey,7.25,7.25,7.17,7.5,7.33,7.17,10.0,7.33,81.0,,Green,
El Salvador,Bourbon,Washed / Wet,7.42,7.08,7.08,7.33,7.25,7.58,10.0,7.25,81.0,1450.0,Green,2017
Brazil,Yellow Bourbon,Pulped natural / honey,7.33,7.17,7.17,7.67,7.33,7.17,10.0,7.17,81.0,,Bluish-Green,2016 / 2017
Guatemala,Bourbon,Washed / Wet,7.42,7.25,7.17,7.5,7.25,7.17,10.0,7.25,81.0,3280.0,Green,2016
Colombia,Caturra,Washed / Wet,7.67,7.5,7.42,5.25,7.67,7.75,10.0,7.75,81.0,1600.0,Green,2016
Guatemala,Bourbon,Washed / Wet,7.5,7.25,7.0,7.25,7.5,7.25,10.0,7.25,81.0,1219.2,Green,2015
Taiwan,Typica,Washed / Wet,7.25,7.17,7.17,7.25,7.5,7.33,10.0,7.33,81.0,758.0,Bluish-Green,2015
Honduras,Caturra,Natural / Dry,7.42,7.25,7.25,7.33,7.25,7.17,10.0,7.33,81.0,1350.0,Green,2014
Brazil,Mundo Novo,Natural / Dry,7.67,7.75,7.83,7.75,7.83,7.75,10.0,7.75,81.0,,Green,2014
"Tanzania, United Republic Of",Other,Washed / Wet,7.33,7.33,7.08,7.42,7.17,7.33,10.0,7.33,81.0,1525.0,Green,2014
Uganda,SL14,Natural / Dry,7.33,6.92,7.17,7.33,7.42,7.42,10.0,7.42,81.0,1700.0,Green,2013
Taiwan,Typica,Semi-washed / Semi-pulped,7.5,6.92,7.33,7.33,7.33,7.33,10.0,7.25,81.0,1100.0,Green,2013/2014
Thailand,,Washed / Wet,7.33,7.42,7.25,7.42,7.25,7.17,10.0,7.17,81.0,800.0,Green,2012
Mexico,Other,Washed / Wet,7.08,7.33,7.33,7.33,7.42,7.25,10.0,7.25,81.0,950.0,Green,2012
Mexico,Typica,Washed / Wet,7.58,7.67,7.5,7.67,7.58,7.5,10.0,7.5,81.0,1100.0,Green,2012
Taiwan,Other,Washed / Wet,7.33,7.17,7.25,7.33,7.33,7.25,10.0,7.25,80.92,200.0,Blue-Green,2017
Guatemala,Bourbon,Washed / Wet,7.67,7.67,7.33,7.58,7.67,7.5,9.33,7.5,80.92,1901.0,Green,2017
Kenya,SL28,Washed / Wet,7.17,7.58,7.5,7.5,8.0,7.75,10.0,5.42,80.92,1600.0,Green,2017
Mexico,Bourbon,Washed / Wet,7.5,7.33,7.17,7.42,7.5,7.33,10.0,7.33,80.92,1100.0,Green,2017
Myanmar,Other,Other,7.17,7.42,7.0,7.58,7.33,7.0,10.0,7.42,80.92,1066.8,,2015
United States (Hawaii),Hawaiian Kona,Natural / Dry,7.42,7.08,7.17,7.17,7.58,7.25,10.0,7.25,80.92,,Bluish-Green,2014
"Tanzania, United Republic Of",Other,Washed / Wet,7.33,7.17,7.17,7.25,7.42,7.33,10.0,7.25,80.92,1700.0,Green,2014
Brazil,Yellow Bourbon,Natural / Dry,7.25,7.33,7.25,7.25,7.25,7.33,10.0,7.25,80.92,1200.0,Green,2014/2015
Taiwan,Typica,Washed / Wet,7.92,7.67,7.33,7.08,7.08,7.08,10.0,6.75,80.92,550.0,Green,2014
Brazil,Bourbon,Natural / Dry,7.17,7.42,7.17,7.25,7.25,7.33,10.0,7.33,80.92,1100.0,,2014/2015
Nicaragua,Caturra,Washed / Wet,7.33,7.08,7.25,7.0,7.5,7.42,10.0,7.33,80.92,1050.0,Green,2013
Guatemala,Pacas,Washed / Wet,7.58,7.42,6.92,7.5,7.25,7.17,10.0,7.08,80.92,1524.0,Green,2014
Taiwan,Typica,Washed / Wet,7.42,7.25,7.25,7.25,7.25,7.25,10.0,7.25,80.92,900.0,,2013/2014
Taiwan,Typica,Other,7.25,7.17,7.08,7.08,7.08,8.08,10.0,7.17,80.92,688.0,Green,2013/2014
Taiwan,Typica,Washed / Wet,7.42,7.25,7.25,7.25,7.25,7.25,10.0,7.25,80.92,300.0,Green,2013/2014
Mexico,Typica,Washed / Wet,7.58,7.33,7.08,7.5,7.17,7.25,10.0,7.0,80.92,1186.0,Green,2012
Thailand,Peaberry,,7.67,7.58,7.33,7.33,7.17,7.0,10.0,6.83,80.92,,,
Laos,Catimor,Washed / Wet,7.42,7.33,7.17,7.17,7.17,7.25,10.0,7.33,80.83,1300.0,Green,2016
Guatemala,Caturra,Washed / Wet,7.67,7.25,7.08,7.33,7.17,7.25,10.0,7.08,80.83,1200.0,Green,2013
Mexico,Catuai,Semi-washed / Semi-pulped,7.17,7.08,7.25,7.42,7.25,7.33,10.0,7.33,80.83,1210.0,Green,2012
Mexico,Typica,Washed / Wet,7.33,7.25,7.33,7.33,7.25,7.17,10.0,7.17,80.83,1100.0,Green,2012
Mexico,Bourbon,Washed / Wet,7.5,7.17,7.33,7.25,7.17,7.17,10.0,7.25,80.83,100.0,Green,2012
United States (Hawaii),Hawaiian Kona,Washed / Wet,7.42,7.33,7.0,7.25,7.33,7.5,10.0,7.0,80.83,,Blue-Green,2012
Colombia,,,7.33,7.33,7.0,6.83,7.33,7.67,10.0,7.33,80.83,1800.0,,4T/2010
Brazil,,Natural / Dry,7.17,7.25,7.08,7.17,7.25,7.58,10.0,7.25,80.75,,Green,2015/2016
Myanmar,Catuai,Washed / Wet,6.92,7.5,7.0,7.58,7.5,7.08,10.0,7.17,80.75,3825.0,Green,2015
Guatemala,Caturra,Washed / Wet,7.5,7.33,7.0,7.42,7.17,7.17,10.0,7.17,80.75,1706.88,Green,2015
Nicaragua,Other,Washed / Wet,7.25,7.25,7.17,7.25,7.33,7.25,10.0,7.25,80.75,,Green,2015
Honduras,Caturra,Natural / Dry,7.5,7.33,7.0,7.42,7.25,7.17,10.0,7.08,80.75,1450.0,Green,2015
Panama,Caturra,Other,7.25,7.33,7.17,7.33,7.33,7.17,10.0,7.17,80.75,1680.0,Green,2014
Honduras,Catuai,Washed / Wet,7.42,7.17,7.08,7.42,7.25,7.25,10.0,7.17,80.75,1350.0,Green,2015
Honduras,Catuai,Natural / Dry,7.25,7.33,7.08,7.5,7.25,7.33,10.0,7.0,80.75,1450.0,Green,2015
Costa Rica,Caturra,Washed / Wet,7.33,7.33,7.25,7.25,7.17,7.17,10.0,7.25,80.75,1300.0,Green,2014
Mexico,Typica,Washed / Wet,7.58,7.33,7.42,7.25,7.5,7.5,10.0,7.5,80.75,1200.0,Green,2012
Haiti,Typica,Washed / Wet,7.42,7.0,7.42,7.25,7.08,7.33,10.0,7.25,80.75,1000.0,Green,2012
United States (Hawaii),Arusha,Natural / Dry,7.08,7.33,7.17,7.25,7.33,7.67,10.0,6.92,80.75,,Bluish-Green,2011
Taiwan,Typica,Other,7.33,7.08,7.08,7.08,7.42,7.33,10.0,7.33,80.67,,Green,2016
Indonesia,Mandheling,Semi-washed / Semi-pulped,7.58,7.42,7.0,7.67,7.5,7.5,10.0,7.33,80.67,1350.0,Blue-Green,2015
Guatemala,Bourbon,Washed / Wet,7.67,7.42,6.83,7.17,7.42,7.17,10.0,7.0,80.67,1500.0,Green,2015/2016
Costa Rica,Caturra,Washed / Wet,7.83,7.5,7.67,7.67,7.83,7.5,10.0,8.0,80.67,185.0,Blue-Green,2015
Malawi,Caturra,Washed / Wet,7.5,7.25,7.17,7.17,7.25,7.17,10.0,7.17,80.67,995.0,Bluish-Green,2014
Mexico,Typica,Washed / Wet,7.25,7.17,7.17,7.25,7.17,7.42,10.0,7.25,80.67,1200.0,Green,2014
Colombia,Caturra,Natural / Dry,7.67,7.5,7.42,7.67,7.5,7.75,6.67,8.5,80.67,1550.0,,2014
Guatemala,Bourbon,Washed / Wet,7.67,7.17,7.0,7.5,7.0,7.0,10.0,7.33,80.67,1550.0,Green,2013
Guatemala,Bourbon,Washed / Wet,7.0,7.33,7.5,7.33,7.0,7.33,10.0,7.17,80.67,,Green,2012
Guatemala,Bourbon,Washed / Wet,7.0,7.5,7.33,7.17,7.17,7.17,10.0,7.33,80.67,,Green,2012
Colombia,,,7.17,7.25,7.08,7.42,7.08,7.42,10.0,7.25,80.67,,,
Brazil,,,7.33,7.25,7.33,7.08,7.58,7.25,10.0,7.42,80.58,,Green,2016
Nicaragua,,,7.08,7.5,7.0,7.25,7.42,7.0,10.0,7.33,80.58,,Green,2016
"Tanzania, United Republic Of",Other,Washed / Wet,7.25,7.08,7.08,7.33,7.33,7.25,10.0,7.25,80.58,1400.0,Bluish-Green,2014
Brazil,Bourbon,Semi-washed / Semi-pulped,7.42,7.25,7.33,7.0,7.08,7.25,10.0,7.25,80.58,1200.0,Green,2014/2015
Honduras,Caturra,Washed / Wet,7.5,7.17,7.0,7.42,7.33,7.0,10.0,7.17,80.58,1400.0,Green,2014
Guatemala,Bourbon,Natural / Dry,7.17,7.42,6.83,7.5,7.17,7.25,10.0,7.25,80.58,1383.792,Green,2014
United States (Hawaii),,,7.42,7.58,7.5,7.92,7.83,7.83,9.33,7.83,80.58,,,
Colombia,,,7.08,7.25,7.0,7.5,7.08,7.33,10.0,7.33,80.58,,,
Taiwan,Other,Natural / Dry,7.17,7.17,7.17,7.42,7.17,7.25,10.0,7.17,80.5,50.0,Blue-Green,2017
Guatemala,Caturra,Washed / Wet,7.33,7.25,7.08,7.17,7.25,7.17,10.0,7.25,80.5,1500.0,Green,2017
Honduras,Catuai,Washed / Wet,7.58,7.33,7.0,7.17,7.33,7.08,10.0,7.0,80.5,1650.0,Green,2017
Mauritius,,,7.25,7.25,7.17,7.17,7.25,7.17,10.0,7.25,80.5,280.0,Green,2016
Brazil,Yellow Bourbon,Semi-washed / Semi-pulped,7.25,7.33,7.17,7.5,7.33,7.25,10.0,7.33,80.5,1250.0,Green,2015/2016
Myanmar,Other,Washed / Wet,7.17,7.33,7.17,7.42,7.25,7.08,10.0,7.08,80.5,3800.0,Green,2015
Guatemala,Other,Washed / Wet,7.5,7.17,6.83,7.5,7.17,7.17,10.0,7.17,80.5,1219.2,Green,2014
Brazil,Yellow Bourbon,Semi-washed / Semi-pulped,7.42,7.42,7.08,7.33,7.67,7.5,10.0,7.42,80.5,1250.0,,2013
United States (Hawaii),Hawaiian Kona,Natural / Dry,7.42,7.33,7.33,7.58,7.58,7.42,10.0,7.17,80.5,,Green,2013
Guatemala,Bourbon,Washed / Wet,7.5,7.5,7.0,7.67,7.17,7.0,10.0,6.67,80.5,1859.28,Green,2013
Mexico,Typica,Washed / Wet,7.25,7.25,7.08,7.33,7.25,7.17,10.0,7.17,80.5,1450.0,,2012
Honduras,,,7.25,7.42,7.0,7.42,7.33,7.0,10.0,7.0,80.42,1450.0,Green,2016
Taiwan,Typica,Washed / Wet,7.58,7.17,7.17,7.17,7.17,7.17,10.0,7.0,80.42,600.0,Green,2014
El Salvador,Bourbon,Washed / Wet,7.33,7.17,7.08,7.08,7.33,7.17,10.0,7.25,80.42,1450.0,Green,2013
China,Other,Washed / Wet,7.25,7.08,7.25,7.17,7.33,7.17,10.0,7.17,80.42,1700.0,Green,2013
Taiwan,Typica,Washed / Wet,7.25,7.25,7.17,7.25,7.25,7.25,10.0,7.0,80.42,600.0,Green,2013/2014
Mexico,Typica,Washed / Wet,6.92,7.17,7.08,7.5,7.33,7.17,10.0,7.25,80.42,1050.0,Green,2012
Mexico,Caturra,Washed / Wet,7.42,7.08,7.08,7.33,7.25,7.17,10.0,7.08,80.42,1550.0,Green,2012
Burundi,,,7.08,7.25,7.17,7.33,7.08,7.08,10.0,7.33,80.33,1700.0,Green,2016
"Tanzania, United Republic Of",Bourbon,Washed / Wet,7.25,7.17,7.0,7.25,7.42,7.08,10.0,7.17,80.33,1700.0,Green,2015/2016
"Tanzania, United Republic Of",Other,Washed / Wet,7.25,7.17,7.25,7.25,7.25,7.08,10.0,7.08,80.33,,Bluish-Green,2014
Taiwan,Yellow Bourbon,Other,7.25,7.25,7.08,7.25,7.25,7.25,10.0,7.0,80.33,600.0,Green,2013/2014
Guatemala,Bourbon,Washed / Wet,7.33,7.33,6.83,7.5,7.0,7.17,10.0,7.17,80.33,1310.64,Green,2013
Mexico,Typica,Semi-washed / Semi-pulped,7.25,7.08,7.08,7.33,7.33,7.17,10.0,7.08,80.33,940.0,Green,2012
United States (Hawaii),Hawaiian Kona,Washed / Wet,7.17,7.5,6.92,7.33,7.67,7.33,10.0,7.08,80.33,,Green,2012
Ethiopia,,,7.25,7.25,7.25,7.33,7.5,8.0,10.0,7.08,80.33,,,2010
Brazil,Catuai,Natural / Dry,7.17,7.33,7.42,7.08,7.0,7.0,10.0,7.25,80.25,995.0,Green,2017 / 2018
Honduras,Caturra,Natural / Dry,7.25,7.25,7.0,7.0,7.42,7.0,10.0,7.33,80.25,1400.0,Green,2016
Mexico,Caturra,Washed / Wet,7.25,7.17,7.0,7.33,7.33,7.0,10.0,7.17,80.25,1600.0,Green,2016
Myanmar,Other,Natural / Dry,8.0,7.08,7.0,7.33,7.08,6.92,10.0,6.83,80.25,914.4,Green,2015
Myanmar,Catuai,Natural / Dry,7.42,7.0,7.08,7.0,7.17,7.33,10.0,7.25,80.25,4287.0,Green,2014
Nicaragua,Caturra,Washed / Wet,7.08,6.92,7.0,7.25,7.5,7.25,10.0,7.25,80.25,900.0,Green,2015
United States (Hawaii),Hawaiian Kona,Natural / Dry,7.5,7.08,7.67,7.67,7.42,7.58,9.33,7.33,80.25,,Green,2014
Colombia,Typica,Washed / Wet,7.42,8.0,7.83,7.75,8.08,7.58,8.67,7.58,80.25,,Green,2012
Taiwan,Typica,Semi-washed / Semi-pulped,7.25,7.08,7.25,7.25,7.17,7.25,10.0,7.0,80.25,700.0,Green,2013/2014
Guatemala,Caturra,Washed / Wet,7.0,7.17,7.33,7.33,7.0,7.17,10.0,7.25,80.25,1400.0,Green,2012
Mexico,Caturra,Washed / Wet,7.58,7.33,7.17,7.25,6.75,7.0,10.0,7.17,80.25,808.0,,2012
Vietnam,Catimor,Other,7.42,7.25,7.25,7.58,7.42,7.33,10.0,7.25,80.17,1550.0,,2017
Nicaragua,Caturra,Washed / Wet,7.17,7.08,7.08,7.33,7.25,7.08,10.0,7.17,80.17,1187.5,,2015
Honduras,Catuai,Washed / Wet,7.25,7.25,7.0,7.17,7.08,7.08,10.0,7.33,80.17,1400.0,Green,2015
Guatemala,Bourbon,Washed / Wet,7.33,7.33,7.0,7.17,7.17,7.17,10.0,7.0,80.17,1310.64,Green,2013
Mexico,Typica,Washed / Wet,7.33,7.08,6.92,7.42,7.25,7.08,10.0,7.08,80.17,1250.0,Green,2012
Mexico,Typica,Washed / Wet,7.58,7.42,7.33,7.5,7.08,7.17,10.0,7.42,80.17,1550.0,Green,2012
Mexico,Bourbon,Washed / Wet,7.33,7.33,7.17,7.08,7.25,7.0,10.0,7.0,80.17,1000.0,Green,2012
Guatemala,Bourbon,Washed / Wet,7.33,7.33,7.0,7.33,7.0,7.0,10.0,7.17,80.17,1310.64,Green,2012
United States (Hawaii),,,7.58,7.5,7.33,7.33,7.67,7.33,9.33,7.42,80.17,,,
Brazil,Bourbon,Pulped natural / honey,7.17,7.17,7.0,7.17,7.25,7.25,10.0,7.08,80.08,1100.0,Green,2017 / 2018
Taiwan,Typica,Washed / Wet,7.42,7.25,7.25,7.17,7.0,7.0,10.0,7.0,80.08,850.0,Green,2014
Nicaragua,,Natural / Dry,7.25,7.17,6.92,7.25,7.17,7.25,10.0,7.08,80.08,,Green,2013
Taiwan,Typica,Other,7.25,7.25,7.25,7.25,7.08,7.0,10.0,7.0,80.08,200.0,Green,2013/2014
Taiwan,Typica,Washed / Wet,7.25,7.25,7.25,7.0,7.25,7.08,10.0,7.0,80.08,150.0,Green,2013/2014
Taiwan,Typica,Semi-washed / Semi-pulped,7.25,7.25,7.25,7.08,7.17,7.08,10.0,7.0,80.08,250.0,Green,2013/2014
Mexico,Typica,Washed / Wet,7.33,7.17,7.25,7.08,7.08,7.08,10.0,7.08,80.08,1300.0,,2012
Mexico,Typica,Washed / Wet,7.25,7.08,7.0,7.17,7.33,7.17,10.0,7.08,80.08,1300.0,Green,2012
Nicaragua,Caturra,Washed / Wet,7.33,7.08,6.92,7.08,7.42,7.17,10.0,7.0,80.0,1250.0,Green,2017
Myanmar,Other,Washed / Wet,7.17,7.33,7.0,7.42,7.17,7.0,10.0,6.92,80.0,3845.0,Green,2015
Mexico,Typica,Washed / Wet,7.58,7.75,7.42,7.5,7.5,7.5,10.0,7.42,80.0,1400.0,Green,2014
Taiwan,Typica,Washed / Wet,7.25,7.25,7.25,7.0,7.25,7.0,10.0,7.0,80.0,250.0,Green,2013/2014
Thailand,,Washed / Wet,7.33,6.67,7.08,7.42,7.42,7.08,10.0,7.0,80.0,800.0,Green,2012
Mexico,Typica,Washed / Wet,7.25,7.25,7.08,7.17,7.33,7.33,10.0,7.25,80.0,1250.0,Green,2012
Mexico,Other,Washed / Wet,7.08,7.33,7.0,7.33,7.08,7.0,10.0,7.17,80.0,1100.0,Green,2012
Ethiopia,,,7.42,7.42,7.5,7.92,7.75,7.58,8.67,7.75,80.0,,,2010
Colombia,,Washed / Wet,7.83,7.67,7.58,7.75,7.83,7.17,10.0,7.42,79.92,,Green,2015
United States (Hawaii),Hawaiian Kona,Natural / Dry,7.5,7.0,7.0,6.92,7.33,7.17,10.0,7.0,79.92,,Green,2014
Mexico,Bourbon,Washed / Wet,7.33,7.08,7.08,7.33,7.42,7.17,10.0,7.17,79.92,1300.0,Green,2013
Mexico,Other,Washed / Wet,7.17,7.17,6.92,7.25,7.33,7.08,10.0,7.0,79.92,1100.0,Green,2012
Mexico,Bourbon,Washed / Wet,7.5,7.17,7.0,7.17,7.25,7.08,10.0,6.75,79.92,1100.0,,2012
Mexico,Catuai,Washed / Wet,7.17,7.08,7.08,7.08,7.5,7.33,10.0,7.33,79.92,1100.0,Green,2012
Mexico,Typica,Natural / Dry,7.33,7.25,7.0,7.42,7.17,7.17,10.0,7.25,79.92,1250.0,Green,2012
Mexico,Mundo Novo,Washed / Wet,7.17,7.33,7.08,7.58,7.33,7.08,10.0,7.0,79.92,1250.0,Green,2012
United States (Hawaii),,,7.5,7.42,7.58,7.42,7.5,7.58,10.0,7.58,79.92,,,
Kenya,SL34,Washed / Wet,7.0,7.08,7.0,7.17,7.25,7.25,10.0,7.08,79.83,1500.0,,2017
Guatemala,Bourbon,Washed / Wet,7.33,7.25,6.92,7.33,7.25,7.33,10.0,7.08,79.83,1700.0,Green,2017
Nicaragua,Caturra,Washed / Wet,6.83,7.17,7.17,6.92,7.5,7.08,10.0,7.17,79.83,1250.0,Green,2014
Mexico,Typica,Washed / Wet,7.17,7.08,7.0,7.25,7.5,7.0,10.0,6.83,79.83,1300.0,Green,2012
United States (Hawaii),Hawaiian Kona,Natural / Dry,7.58,7.08,6.83,7.17,7.5,7.17,10.0,7.17,79.83,,Blue-Green,2012
Guatemala,Bourbon,Washed / Wet,7.5,7.42,7.25,7.58,7.33,7.42,9.33,7.25,79.75,,Green,2016
Taiwan,Typica,Natural / Dry,7.75,7.33,7.17,7.33,7.67,7.83,8.67,7.33,79.75,1000.0,,2014
Taiwan,Typica,Washed / Wet,7.08,7.08,7.25,7.0,7.17,7.17,10.0,7.0,79.75,600.0,Blue-Green,2013
Thailand,,Washed / Wet,7.25,7.08,6.92,7.5,7.08,6.92,10.0,7.0,79.75,800.0,Green,2013
Peru,,Washed / Wet,7.0,7.08,7.0,7.25,7.5,7.42,10.0,7.17,79.75,,Green,2013
Costa Rica,Catuai,Washed / Wet,7.58,7.5,7.67,7.75,7.67,7.58,10.0,8.0,79.75,1100.0,Bluish-Green,2013
Mexico,Typica,Washed / Wet,7.58,7.08,7.0,7.0,7.5,6.92,10.0,6.67,79.75,1400.0,Green,2013
Mexico,Bourbon,Washed / Wet,7.58,7.08,6.92,7.58,7.5,6.92,10.0,6.83,79.75,1022.0,Green,2013
Mexico,Bourbon,Washed / Wet,7.25,7.08,7.0,7.17,7.17,7.08,10.0,7.0,79.75,1300.0,Green,2013
Mexico,Bourbon,Washed / Wet,7.25,7.17,7.17,7.08,7.17,7.0,10.0,6.92,79.75,1450.0,,2012
Mexico,Typica,Washed / Wet,7.33,7.25,7.0,7.08,7.08,7.0,10.0,7.0,79.75,1050.0,Green,2012
Guatemala,Bourbon,Washed / Wet,7.58,7.33,7.5,7.33,7.0,7.33,9.33,7.67,79.75,,Green,2012
Mexico,Typica,Washed / Wet,7.25,6.83,6.92,7.08,7.25,7.08,10.0,7.33,79.75,1100.0,,2012
Guatemala,Bourbon,Washed / Wet,7.42,7.42,7.25,7.58,7.42,7.33,9.33,7.25,79.67,1219.2,Green,2016
El Salvador,Bourbon,Washed / Wet,7.25,7.08,7.0,6.83,7.33,7.17,10.0,7.0,79.67,1250.0,Bluish-Green,2016
Thailand,,Washed / Wet,6.92,7.17,6.83,7.42,7.17,7.08,10.0,7.08,79.67,800.0,Blue-Green,2013
Guatemala,Bourbon,Washed / Wet,7.5,7.0,6.83,7.08,7.08,7.17,10.0,7.0,79.67,1310.64,Green,2013
Mexico,Typica,Washed / Wet,7.42,7.25,6.83,7.58,7.17,6.58,10.0,6.83,79.67,1400.0,Green,2013
Mexico,Caturra,Washed / Wet,7.33,7.17,7.0,6.75,7.08,7.0,10.0,7.33,79.67,975.0,,2012
Mexico,Mundo Novo,Washed / Wet,6.92,7.17,7.17,7.17,7.08,7.08,10.0,7.08,79.67,1264.0,,2012
Thailand,Peaberry,,7.17,7.17,7.0,7.0,7.25,6.92,10.0,7.17,79.67,,,
Mexico,Typica,Washed / Wet,7.08,7.0,6.92,7.33,7.25,7.08,10.0,6.92,79.58,1250.0,,2012
Mexico,Caturra,Washed / Wet,7.25,6.92,6.92,7.33,7.25,7.0,10.0,6.92,79.58,1550.0,Green,2012
Colombia,,,7.25,7.17,7.0,6.75,7.17,7.33,10.0,6.92,79.58,1800.0,,4T/10
Guatemala,,,7.08,7.0,6.83,7.33,7.25,7.0,10.0,7.08,79.58,1325.88,,2009/2010
Nicaragua,Caturra,Natural / Dry,6.92,6.92,7.0,7.42,7.25,7.0,10.0,7.0,79.5,1050.0,Green,2015
Taiwan,Typica,Natural / Dry,6.92,7.0,7.17,7.0,7.42,7.0,10.0,7.0,79.5,700.0,,2014
Colombia,Caturra,Washed / Wet,7.83,7.5,7.42,7.42,7.67,7.5,10.0,7.5,79.5,1550.0,Green,2013
Mexico,Caturra,Washed / Wet,7.25,7.08,6.92,7.25,7.58,7.08,10.0,7.0,79.5,1550.0,Green,2012
Mexico,Typica,Washed / Wet,7.25,7.33,7.0,7.25,7.17,7.17,10.0,7.0,79.5,1100.0,Bluish-Green,2012
Guatemala,Bourbon,Washed / Wet,7.08,7.33,7.25,7.58,7.33,7.42,9.33,7.42,79.42,1219.2,Green,2013
Guatemala,Other,Washed / Wet,7.25,7.33,6.83,7.0,7.0,7.17,10.0,6.83,79.42,1219.2,Green,2014
Mexico,Typica,Washed / Wet,7.0,6.83,6.83,7.42,7.33,7.17,10.0,6.83,79.42,800.0,Green,2012
Cote d?Ivoire,,Washed / Wet,7.42,7.25,6.83,7.0,7.33,7.08,10.0,7.08,79.33,200.0,Bluish-Green,2016
Colombia,Caturra,Washed / Wet,7.42,7.25,6.75,7.25,7.42,7.25,10.0,7.33,79.33,1200.0,Green,2013
Mexico,Typica,Washed / Wet,7.0,7.0,6.83,7.33,7.42,6.92,10.0,6.83,79.33,950.0,,2012
Mexico,Typica,Washed / Wet,7.42,7.17,7.08,7.17,7.08,7.08,10.0,7.0,79.33,750.0,Green,2012
Guatemala,Bourbon,Washed / Wet,7.17,6.5,6.33,7.25,7.58,7.33,10.0,7.17,79.33,,Green,2012
Taiwan,Typica,Washed / Wet,7.08,6.83,6.83,7.25,7.42,7.08,10.0,6.75,79.25,850.0,Blue-Green,2014
Mexico,Bourbon,Washed / Wet,7.0,7.0,6.92,7.17,7.17,7.08,10.0,6.92,79.25,1000.0,Green,2012
Guatemala,Bourbon,Washed / Wet,7.33,7.42,7.33,7.42,7.5,7.42,9.33,7.42,79.17,1219.2,Green,2017
Honduras,Catuai,Washed / Wet,7.58,7.0,6.75,6.92,7.0,6.92,10.0,7.0,79.17,1650.0,Green,2017
Guatemala,Bourbon,Washed / Wet,7.08,7.0,6.92,7.42,7.0,6.92,10.0,6.83,79.17,1320.0,Green,2016
Guatemala,Catuai,Washed / Wet,7.25,7.17,6.75,7.25,7.0,6.92,10.0,6.83,79.17,1550.0,Green,2015
Costa Rica,Catuai,Washed / Wet,7.17,7.42,7.5,8.0,7.25,7.83,6.67,7.33,79.17,,,2012
Mexico,Typica,Washed / Wet,7.25,7.08,6.92,7.08,7.17,7.17,10.0,7.17,79.17,1550.0,,2012
Mexico,Typica,Washed / Wet,7.17,6.92,6.92,7.08,7.17,7.0,10.0,6.92,79.17,1450.0,Green,2012
Mexico,Typica,,6.75,6.75,6.83,7.25,7.58,7.08,10.0,6.92,79.17,1200.0,,08/09 crop
Guatemala,Bourbon,Washed / Wet,7.58,7.67,7.42,7.42,7.67,7.67,8.67,7.67,79.08,1700.0,Green,2017
United States (Puerto Rico),Other,Washed / Wet,7.42,7.08,6.75,7.33,7.33,6.92,10.0,6.92,79.08,853.44,Green,2013
Mexico,Typica,Washed / Wet,7.33,7.0,6.92,7.25,7.33,7.08,10.0,6.83,79.08,1500.0,,2012
Mexico,Mundo Novo,Washed / Wet,7.25,7.08,6.75,7.33,7.42,7.0,10.0,6.92,79.08,1100.0,Green,2012
Mexico,Typica,Washed / Wet,7.17,7.25,7.25,7.17,7.25,7.08,10.0,7.25,79.08,1200.0,Bluish-Green,2012
Guatemala,Other,Washed / Wet,7.33,7.17,6.58,7.42,7.08,6.83,10.0,6.58,79.0,1219.2,Green,2014
Honduras,Pacas,Washed / Wet,7.0,7.0,7.0,7.0,7.0,7.0,10.0,7.0,79.0,1350.0,Green,2014
Peru,Typica,Washed / Wet,7.67,7.17,7.08,7.25,8.0,7.5,9.33,7.0,79.0,1400.0,,2012
Mexico,Mundo Novo,Natural / Dry,6.75,7.08,6.67,7.25,7.17,7.08,10.0,7.0,79.0,1300.0,,2012
Mexico,Typica,Semi-washed / Semi-pulped,7.5,7.17,6.92,7.5,7.25,7.0,10.0,7.0,79.0,1550.0,Green,2012
Mexico,Typica,Washed / Wet,7.17,6.83,6.83,7.25,7.17,6.92,10.0,6.83,79.0,12.0,Green,2012
Mexico,Typica,Washed / Wet,7.33,7.0,6.75,7.08,7.17,7.25,10.0,7.0,78.92,1300.0,Green,2013
Mexico,Typica,Washed / Wet,7.5,7.0,6.92,7.08,6.92,6.75,10.0,6.75,78.92,1400.0,,2012
Nicaragua,Caturra,Other,7.17,7.0,6.92,7.0,7.0,7.0,10.0,6.75,78.83,1100.0,Green,2016
United States (Hawaii),,Natural / Dry,7.5,6.92,6.92,7.25,7.58,7.42,9.33,7.17,78.75,,Green,2013
Guatemala,Bourbon,Washed / Wet,7.33,7.08,6.33,7.25,7.0,7.0,10.0,6.75,78.75,1310.64,Green,2013
Mexico,Typica,Washed / Wet,7.25,6.83,6.83,7.0,7.17,7.0,10.0,6.67,78.75,1320.0,Green,2012
Mexico,Typica,Semi-washed / Semi-pulped,7.25,7.33,7.17,7.25,7.08,7.0,10.0,7.0,78.75,1250.0,,2012
Mexico,Bourbon,Washed / Wet,7.67,7.17,6.83,7.33,7.58,7.17,8.67,7.0,78.75,1350.0,,2012
China,Typica,Washed / Wet,7.0,6.92,6.83,7.17,7.17,7.17,9.33,7.08,78.67,1850.0,Green,2013
Mexico,Caturra,Washed / Wet,6.92,6.92,6.67,7.25,7.17,6.92,10.0,6.83,78.67,1150.0,,2012
Nicaragua,,,7.08,7.0,6.75,6.83,7.08,6.92,10.0,6.92,78.58,,Green,2016
Nicaragua,,Natural / Dry,6.83,7.08,6.92,6.75,7.25,7.08,10.0,6.67,78.58,,Green,2014
Guatemala,Other,Washed / Wet,7.33,7.17,6.92,7.58,7.25,7.17,10.0,7.17,78.58,1219.2,Green,2014
Taiwan,Typica,Washed / Wet,6.83,6.75,7.17,7.25,7.0,6.92,10.0,6.67,78.58,800.0,Green,2013
Mexico,Typica,Washed / Wet,7.0,7.0,6.75,7.33,6.92,6.92,10.0,6.67,78.58,1400.0,Green,2012
Mexico,Typica,Washed / Wet,7.92,7.58,7.58,7.92,7.92,7.5,10.0,7.5,78.58,1300.0,,2012
United States (Hawaii),,,7.92,6.83,7.08,7.42,6.75,7.33,10.0,7.25,78.58,,,
Mexico,Bourbon,Washed / Wet,7.25,6.75,6.92,6.92,7.25,7.58,10.0,7.17,78.5,1600.0,Green,2014
Mexico,Typica,Washed / Wet,7.08,6.83,6.83,7.0,7.0,6.92,10.0,6.83,78.5,1400.0,,2012
Mexico,Caturra,Washed / Wet,7.25,7.17,7.0,6.83,7.58,7.08,10.0,6.92,78.5,1200.0,Green,2012
Brazil,Catuai,Natural / Dry,6.83,7.0,6.92,7.08,6.92,6.83,10.0,6.83,78.42,,Green,2014/2015
Mexico,Typica,Washed / Wet,7.58,7.17,7.0,7.17,7.33,7.0,10.0,7.17,78.42,1500.0,,2012
United States (Hawaii),Hawaiian Kona,Natural / Dry,7.5,7.75,7.58,7.83,7.92,7.92,8.67,7.83,78.33,,Bluish-Green,2014
Guatemala,Other,Washed / Wet,7.17,6.5,6.67,7.0,7.17,7.17,10.0,6.67,78.33,1219.2,Green,2014
Guatemala,Bourbon,Washed / Wet,7.17,7.17,6.5,7.17,7.0,6.83,10.0,6.5,78.33,1310.64,Green,2012
Mexico,Typica,Natural / Dry,7.25,7.25,7.0,7.5,7.33,7.42,10.0,7.75,78.33,1300.0,Green,2012
Guatemala,Bourbon,Washed / Wet,7.17,6.08,6.17,7.25,7.33,7.33,10.0,7.0,78.33,,Green,2012
United States (Hawaii),Hawaiian Kona,Natural / Dry,7.5,7.5,7.33,7.58,7.5,7.42,8.67,7.42,78.25,,Green,2014
United States (Hawaii),Hawaiian Kona,Natural / Dry,7.42,7.33,7.33,7.5,7.67,7.75,9.33,7.25,78.25,,Green,2012
Indonesia,Java,Washed / Wet,6.92,6.83,6.92,6.92,6.92,6.83,10.0,6.83,78.17,1300.0,,2016
Mexico,Typica,Washed / Wet,7.08,6.83,6.67,7.25,7.25,6.92,10.0,6.75,78.08,1050.0,Green,2012
Taiwan,Yellow Bourbon,Washed / Wet,7.5,7.08,7.33,7.17,7.5,7.5,10.0,7.25,78.0,650.0,Green,2016
Honduras,Pacas,Natural / Dry,6.83,7.0,6.67,7.0,7.0,6.83,10.0,6.67,78.0,1350.0,Green,2014
United States (Hawaii),Hawaiian Kona,Natural / Dry,7.58,7.33,7.5,7.42,7.5,7.33,9.33,7.33,78.0,,Green,2014
Guatemala,Other,Washed / Wet,7.42,7.25,6.83,7.33,7.0,6.92,9.33,7.25,78.0,1219.2,Green,2014
China,Typica,Washed / Wet,7.33,7.17,6.92,7.08,7.33,7.0,9.33,7.17,78.0,1200.0,Green,2013
Guatemala,Bourbon,Washed / Wet,7.0,6.83,6.83,7.17,6.67,6.83,10.0,6.67,78.0,1310.64,Green,2013
Mexico,Other,Washed / Wet,7.25,7.33,7.0,7.0,7.25,7.08,8.0,7.08,78.0,850.0,Green,2012
Colombia,,,7.42,7.17,7.0,7.17,7.67,7.17,9.33,7.08,78.0,,Green,
Costa Rica,Caturra,Washed / Wet,7.5,7.25,7.42,7.0,7.08,6.83,10.0,6.83,77.92,1200.0,Green,2014
Mexico,Typica,Washed / Wet,7.42,7.25,7.0,7.0,7.25,7.08,10.0,6.92,77.92,1248.0,Green,2012
Guatemala,Bourbon,Washed / Wet,7.17,6.17,6.17,7.08,7.33,6.83,10.0,7.17,77.92,,Green,2012
Nicaragua,,,7.42,7.0,7.0,7.17,7.08,7.0,10.0,7.17,77.83,1000.0,Bluish-Green,2016
Brazil,,Washed / Wet,7.0,6.75,6.67,6.83,7.08,6.83,10.0,6.67,77.83,,,2014
Guatemala,Bourbon,Washed / Wet,7.0,6.83,6.67,7.17,6.83,6.83,10.0,6.5,77.83,1310.64,Green,2013
Taiwan,Typica,Washed / Wet,7.17,6.75,6.58,7.33,7.33,7.17,10.0,6.67,77.67,775.0,Bluish-Green,2012
United States (Hawaii),,Natural / Dry,7.58,7.67,7.58,7.67,7.42,7.42,6.0,7.58,77.58,,Green,2013
Mexico,Typica,Washed / Wet,7.17,6.75,6.58,6.75,6.83,6.75,10.0,6.67,77.5,1300.0,Green,2012
Guatemala,Bourbon,Washed / Wet,7.08,6.92,6.33,7.0,6.92,7.0,10.0,6.17,77.42,1310.64,Green,2013
Brazil,Bourbon,Natural / Dry,7.5,7.33,7.42,7.58,7.58,6.92,10.0,7.0,77.33,890.0,Green,2017 / 2018
Guatemala,Other,Washed / Wet,7.33,7.0,6.83,7.17,7.17,7.17,9.33,6.67,77.33,1219.2,Green,2014
Mexico,Typica,Washed / Wet,7.33,7.0,6.67,7.0,6.92,6.92,10.0,6.83,77.33,1500.0,,2012
Haiti,Typica,Washed / Wet,6.83,6.83,6.83,6.75,6.92,6.92,10.0,6.83,77.25,825.0,,2013
United States (Hawaii),,Natural / Dry,7.08,6.92,6.83,6.67,7.58,7.42,10.0,6.75,77.25,,Green,2013
Mexico,Other,Washed / Wet,7.08,7.0,7.0,7.25,7.33,7.25,10.0,6.92,77.17,1200.0,Green,2012
Peru,Caturra,Washed / Wet,7.42,7.75,7.42,7.67,7.92,7.83,9.33,7.67,77.0,1200.0,Green,2014
India,,Natural / Dry,7.67,7.33,7.17,6.67,7.17,7.42,6.67,7.42,76.83,,Green,2016
Mexico,Typica,,6.67,6.33,6.42,6.83,7.0,6.92,10.0,6.58,76.75,1200.0,,08/09 crop
Guatemala,Bourbon,Washed / Wet,6.42,6.5,6.5,7.33,6.33,6.92,10.0,6.5,76.5,,,2012
Mexico,Typica,Washed / Wet,7.17,6.58,6.58,7.0,7.25,6.58,10.0,6.58,76.42,1100.0,Green,2012
Guatemala,Bourbon,Washed / Wet,7.5,7.0,6.83,7.5,7.17,7.33,8.67,7.0,76.33,1310.64,Green,2012
Guatemala,Bourbon,Washed / Wet,6.17,6.5,6.5,7.17,7.0,6.83,10.0,6.17,76.33,,,2011/2012
United States (Hawaii),Hawaiian Kona,Natural / Dry,7.25,7.08,6.83,7.17,7.33,6.83,9.33,7.08,76.25,,Green,2014
United States (Hawaii),,Natural / Dry,7.5,7.33,7.33,7.58,7.67,7.25,8.0,7.5,76.17,,Bluish-Green,2013
Mexico,Typica,Washed / Wet,7.42,7.0,6.83,7.08,6.92,6.83,10.0,6.75,76.17,1400.0,,2012
Indonesia,Other,Natural / Dry,7.33,7.0,6.5,6.08,7.58,6.33,9.33,6.67,76.17,3500.0,,2011
Mexico,Bourbon,Washed / Wet,7.08,6.83,6.83,7.17,7.17,7.08,10.0,6.58,76.08,1250.0,Green,2012
Honduras,Pacas,Natural / Dry,6.83,6.83,6.67,6.83,7.0,6.83,10.0,7.0,76.0,1350.0,Green,2014
Philippines,,Washed / Wet,6.83,6.5,6.5,6.92,6.75,7.0,9.33,6.67,75.83,1000.0,Green,2012
Brazil,,Natural / Dry,7.17,7.0,6.83,7.5,7.17,7.0,10.0,7.0,75.67,,Green,2017 / 2018
Guatemala,Bourbon,Washed / Wet,7.92,7.58,7.17,7.58,7.33,7.17,8.0,6.83,75.58,1310.64,Green,2012
Guatemala,Bourbon,Washed / Wet,6.67,6.5,6.33,7.0,7.17,6.75,10.0,6.5,75.58,,,2012
Mexico,Pacamara,Washed / Wet,7.5,7.25,6.92,7.0,7.17,6.83,10.0,6.83,75.5,1100.0,Green,2012
Mexico,Mundo Novo,Washed / Wet,7.17,6.92,6.67,6.83,7.25,7.75,10.0,6.58,75.17,1200.0,Green,2012
Mexico,Other,Washed / Wet,7.25,6.83,6.67,7.08,7.17,6.83,10.0,6.67,75.17,1100.0,,2012
Mexico,Typica,Washed / Wet,7.17,7.17,6.83,7.17,7.42,6.67,10.0,6.75,75.17,1280.0,Bluish-Green,2012
Mexico,Typica,Washed / Wet,7.0,6.92,6.75,6.92,7.17,6.83,10.0,6.75,75.0,850.0,Green,2012
Mexico,Typica,Washed / Wet,7.08,6.75,6.58,7.0,7.0,6.75,10.0,6.42,74.92,1500.0,,2012
Mexico,Typica,Washed / Wet,7.33,6.75,6.67,7.25,7.5,7.0,10.0,7.0,74.83,1250.0,Green,2012
Guatemala,Bourbon,Washed / Wet,6.75,6.5,6.17,7.0,7.25,6.75,10.0,6.33,74.75,,,2012
Guatemala,Bourbon,Washed / Wet,6.75,6.67,6.17,7.17,7.0,6.58,10.0,6.42,74.75,,,2012
Mexico,Typica,Washed / Wet,7.08,7.0,6.83,7.5,7.33,6.83,10.0,6.75,74.67,1700.0,Green,2013
United States (Hawaii),Hawaiian Kona,Natural / Dry,7.5,7.25,7.0,7.25,7.42,7.33,6.67,7.33,74.42,,Blue-Green,2014
Guatemala,Bourbon,Washed / Wet,6.5,6.33,6.5,7.5,7.33,6.83,8.67,6.0,74.33,1310.64,Green,2013
Mexico,Typica,Washed / Wet,7.0,6.58,6.67,6.83,7.08,6.83,10.0,6.67,74.33,1140.0,Green,2012
Mexico,Typica,Washed / Wet,6.92,6.42,6.17,7.33,7.25,6.75,10.0,6.5,74.0,1200.0,,2012
Mexico,Typica,Washed / Wet,7.67,7.0,7.17,7.58,7.33,7.33,10.0,7.08,73.83,1250.0,Green,2012
United States (Hawaii),Hawaiian Kona,Natural / Dry,7.17,7.17,7.17,7.58,7.67,6.92,6.67,7.33,73.67,,,2012
Brazil,,,7.25,6.58,6.58,7.0,7.0,6.42,10.0,6.67,73.5,,Green,2016
Honduras,Pacas,Washed / Wet,7.0,7.17,6.83,7.17,7.0,7.17,8.0,7.08,73.42,1350.0,Green,2014
Mexico,Typica,Washed / Wet,7.08,7.08,6.92,7.08,6.92,6.92,8.0,6.92,72.92,1200.0,,2014
Colombia,,Natural / Dry,8.0,7.33,7.75,7.33,7.42,7.67,6.67,7.33,72.83,,Bluish-Green,2013
United States (Hawaii),Hawaiian Kona,Natural / Dry,6.92,6.92,6.92,7.5,7.58,7.17,9.33,6.92,72.58,,Green,2014
Haiti,,,6.92,6.75,7.08,7.17,7.33,6.67,8.67,6.42,72.33,1020.0,,2010
Costa Rica,Caturra,Washed / Wet,6.33,6.5,6.33,6.83,6.33,6.5,10.0,6.25,71.75,1200.0,Green,2014
Mexico,Mundo Novo,Washed / Wet,6.92,6.92,6.92,6.92,7.17,7.0,10.0,6.58,71.08,800.0,Green,2012
Mexico,Bourbon,Washed / Wet,6.5,6.67,6.42,7.17,7.33,6.5,10.0,6.42,71.0,1800.0,Green,2012
Mexico,Typica,Washed / Wet,6.92,7.0,6.83,6.92,7.42,6.92,10.0,6.75,70.75,1000.0,Green,2014
Brazil,,Natural / Dry,7.0,7.0,6.83,7.0,7.33,6.83,10.0,6.67,70.67,,Green,2017 / 2018
Honduras,Catuai,Washed / Wet,6.67,6.5,6.17,6.67,6.83,6.17,8.0,6.33,69.33,1450.0,Green,2014
Honduras,Catuai,Washed / Wet,7.0,6.17,6.17,6.67,6.5,6.17,8.0,6.5,69.17,1450.0,Green,2014
Honduras,Catuai,Washed / Wet,7.0,6.33,6.17,6.5,6.67,6.17,8.0,6.33,69.17,1450.0,Green,2014
Mexico,Bourbon,Washed / Wet,7.08,6.83,6.25,7.42,7.25,6.75,10.0,6.75,68.33,900.0,,2012
Haiti,Typica,Natural / Dry,6.75,6.58,6.42,6.67,7.08,6.67,6.0,6.42,67.92,350.0,Blue-Green,2012
Nicaragua,Caturra,Other,7.25,6.58,6.33,6.25,6.42,6.08,6.0,6.17,63.08,1100.0,Green,2016
Guatemala,Catuai,Washed / Wet,7.5,6.67,6.67,7.67,7.33,6.67,1.33,6.67,59.83,1417.32,Green,2012
